楽曲レベル,TOTAL値,COMPLEX,POWER,RHYTHM,SCRATCH,HOLDING,GIMMICK,フルタイトル
0,555,37.37,124.59,36.52,14.93,0.00,0.00,SHINKA -DEPROGRAM- [5KEYS]
0,333,23.53,41.42,14.73,15.77,16.78,0.00,SHINKA -DEPROGRAM- [7KEYS EASY / GdbG BMS Package]
0,400,91.72,120.70,59.72,35.11,0.00,0.00,SHINKA -DEPROGRAM- [7KEYS]
1,320,1.85,4.38,2.25,3.29,4.15,0.00,2anyFirst [7-tutorial]
1,170,8.69,3.58,3.71,2.94,0.00,0.00,alicemourn [BEGINNER]
1,250,15.01,17.83,6.69,3.49,0.00,0.00,Aurora [EASY7]
1,310,15.74,7.08,8.61,5.32,0.00,13.98,Cat's rule [5K Beginner]
1,220,1.33,2.78,1.36,3.09,0.00,0.00,Fine Logic [7key BEGINNER / GdbG BMS Package]
1,320,5.59,7.86,2.31,2.91,2.89,0.00,New York Back Raise [SP BEGINNER]
1,320,5.59,7.86,2.31,2.91,2.89,0.00,New York Back Raise [SP BEGINNER]
1,260,7.71,16.41,5.32,6.37,0.00,0.00,On And On!!
1,224,4.75,3.34,2.55,3.63,0.00,0.00,Prominence (BMS Edit) [SP BEGINNER / GdbG BMS Package]
1,230,8.98,3.46,2.88,3.60,2.62,0.00,Psalms ～魂の還るばしょ～ [SP BEGINNER]
1,260,2.26,3.64,2.00,3.22,0.00,0.00,R.I.P.
1,260,2.43,2.94,1.03,2.89,0.00,18.22,Sense [SP BEGINNER]
1,220,2.06,3.33,0.96,2.92,0.00,0.00,Song [SP BEGINNER]
1,220,2.06,3.33,0.96,2.92,0.00,0.00,Song [SP BEGINNER]
1,224,2.06,2.60,0.86,2.88,0.00,0.00,Twin☆kle Snowglobe [SP BEGINNER]
1,250,6.26,2.56,1.96,3.23,0.00,0.00,Unleashed World [BEGINNER]
1,160,0.00,0.00,0.00,0.00,0.00,0.00,Unleashed World [default]
1,240,10.86,8.13,1.49,3.98,0.00,0.00,Vis10ns [BEGINNER]
1,224,3.42,2.68,2.22,3.17,0.00,0.00,ふたりの-><-シグナル [SP BEGINNER]
1,224,3.42,2.68,2.22,3.17,0.00,0.00,ふたりの-><-シグナル [SP BEGINNER]
1,300,7.56,8.48,4.87,4.36,10.01,0.00,スピカ [SP BEGINNER]
1,238,8.96,4.92,3.70,5.37,3.79,0.00,田中 [BIGINNER]
2,260,3.10,3.05,1.95,3.02,2.66,0.00,A Gleam for the Sightless [SP BEGINNER]
2,174,10.34,5.88,5.83,3.99,0.00,0.00,Agilion[BEGINNER]
2,200,10.69,7.87,13.25,22.40,32.17,12.72,Bit by Bit [7beginner / GdbG BMS Package]
2,300,7.14,8.57,6.38,3.72,0.00,0.00,breathe [SP BEGINNER]
2,260,8.75,7.66,3.16,3.35,0.00,0.00,Creamy Sugary OVERDRIVE!!! [BEGINNER]
2,160,12.99,3.44,3.11,3.07,0.00,0.00,data lake [5k Beginner]
2,160,13.53,3.93,3.14,3.14,0.00,0.00,data lake [7k Beginner]
2,280,15.64,19.83,15.77,4.38,0.00,0.00,Electric Emotion
2,283,8.76,9.36,7.75,3.49,0.00,0.00,Elixir [EASY7]
2,280,8.84,5.95,7.19,4.21,0.00,0.00,Eternal calm [EASY7]
2,240,8.18,6.63,5.58,3.66,0.00,0.00,Fall Apart [SP BEGINNER]
2,200,1.78,4.18,0.87,3.34,76.20,0.00,Fever Dream [7-B]
2,260,7.87,4.35,4.71,3.43,0.00,0.00,Grievous Fate[BEGINNER]
2,260,9.01,7.45,3.65,4.12,0.00,23.94,Head BONK ache [SP BEGINNER]
2,230,7.63,12.92,2.69,6.41,0.00,0.00,Inside Out [SP BEGINNER]
2,244,9.46,12.26,4.31,8.23,0.00,0.00,JKillMe[SP BEGINNER]
2,335,8.50,3.82,3.37,0.00,0.00,0.00,Kunzite [5K BEGINNER]
2,280,7.96,3.68,3.49,3.06,4.04,0.00,MARENOL[BEGINNER]
2,259,12.05,11.78,8.36,4.24,3.28,11.05,MOBILYS [BEGINNER]
2,240,8.59,3.86,3.21,2.92,0.00,0.00,PhonDrome![BEGINNER]
2,240,11.30,12.69,9.17,5.09,0.00,0.00,reflection [7KEYS BEGINNER]
2,232,7.16,9.77,3.34,2.89,0.00,0.00,Roject-HAB
2,251,12.50,12.06,9.26,3.21,0.00,0.00,scorching:cyclone [SP BEGINNER]
2,247,17.22,11.76,4.69,12.26,0.00,0.00,Shake U
2,244,13.81,6.63,4.46,2.87,0.00,0.00,The Last Page [SP BEGINNER]
2,246,11.11,8.39,7.34,3.42,0.00,0.00,Trane [SP BEGINNER]
2,340,17.30,20.05,10.70,7.17,0.00,0.00,Wonderful Tomorrow [SP BEGINNER]
2,320,12.22,13.87,13.01,6.04,2.65,0.00,うらドラみたいにスカートめくるなっ！ [BEGINNER7]
2,225,7.27,4.59,4.26,5.44,0.00,0.00,マツユキソウ [Beginner]
2,285,10.53,8.94,7.25,3.42,5.89,0.00,凛として純情 [BIGINNER7 / GdbG BMS Package]
2,240,5.06,10.02,3.27,2.90,0.00,0.00,告白/告別 (BMS edit.) [SP BEGINNER]
2,285,12.84,5.91,9.61,4.71,0.00,0.00,家物語 [SP BEGINNER]
2,250,8.98,16.00,6.83,3.46,7.19,0.00,爽昧夢想ラバーズ [SP BEGINNER]
3,280,17.88,20.12,10.00,9.54,5.18,0.00,"Fishpot"
3,256,15.89,15.09,11.92,5.18,9.63,0.00,"Fulcrum-D"
3,369,12.05,7.19,9.39,3.70,19.27,0.00,(´0｀*)♪(≧Σ≦)♪(・ε・。)♪(￣∇￣；)♪（0∀0）=3♪o(･_･θ [SP BEGINNER]
3,337,12.70,11.36,11.66,4.06,3.64,0.00,Armageddon[BEGINNER]
3,284,17.15,28.71,24.26,8.79,0.00,0.00,Black Wings [Beginner / GdbG BMS Package]
3,342,18.87,18.13,19.93,21.52,25.07,13.86,Cat's rule [Easy]
3,270,15.76,17.44,13.59,7.51,22.39,0.00,Cutter [SP BEGINNER]
3,200,8.94,4.75,3.99,3.69,0.00,0.00,Edge of bravery[RESISTANCE]
3,255,17.27,27.11,15.50,24.67,6.87,0.00,Ego Eater [Beginner / GdbG BMS Package]
3,270,16.75,15.52,17.81,3.62,19.11,0.00,Error Sector
3,260,12.20,6.65,7.41,3.78,0.00,0.00,EXCEED THE D[BEGINNER]
3,180,10.54,9.71,7.72,3.64,9.04,19.40,Gimme All The Cocaine [BEGINNER]
3,280,16.44,19.50,18.36,4.37,2.85,0.00,Hi-Fi-Story [SP EASY]
3,270,16.66,22.85,10.79,12.02,0.00,0.00,HOPE [7key Easy HOPE]
3,295,17.77,29.00,24.55,7.48,13.32,0.00,IMPULSE [SP BEGINNER]
3,160,21.89,16.13,12.79,5.00,0.00,0.00,INLINE [5k Beginner]
3,160,26.50,21.71,15.14,5.17,0.00,0.00,INLINE [7k Beginner]
3,260,13.17,15.96,10.97,9.37,0.00,0.00,LAST PROPOZE[BEGINNER]
3,300,17.10,20.06,9.56,3.47,0.00,19.74,Life is PIANO[Beginner]
3,250,15.02,18.86,11.65,11.22,11.48,0.00,LiVEMeTAL[BEGINNER]
3,240,7.16,11.00,2.61,3.53,2.85,0.00,Luxvinore [7-B]
3,260,14.69,17.30,15.15,14.40,5.71,16.01,MESMERA [SP EASY]
3,270,15.62,19.75,13.48,18.49,0.00,0.00,Never Escape
3,253,17.38,12.25,7.26,4.11,0.00,18.20,Opera House
3,300,16.86,27.53,14.20,14.30,0.00,0.00,Palette Lab [BEGINNER]
3,250,10.09,15.94,8.75,3.99,3.24,0.00,Pillars of Ash [BEGINNER]
3,264,17.56,15.90,23.54,18.48,30.14,0.00,Q33B [BEGINNER / GdbG BMS Package]
3,350,13.14,29.57,7.82,3.16,0.00,0.00,rainbow
3,350,12.85,10.62,7.94,4.59,0.00,0.00,scualee[BEGINNER]
3,350,12.85,10.62,7.94,4.59,0.00,0.00,scualee[BEGINNER]
3,299,17.89,22.95,20.26,8.57,6.16,0.00,Secret Order [BEGINNER]
3,280,20.96,34.18,20.64,4.38,19.24,0.00,self-dissociation [SP BEGINNER]
3,300,30.21,23.17,33.93,3.58,20.13,0.00,Sesame Kingdom [Sesame Voyager]
3,338,13.66,29.12,8.63,3.21,0.00,0.00,SHINKA [7KEYS BEGINNER / GdbG BMS Package]
3,353,9.65,5.75,4.45,5.90,0.00,0.00,Sunset Toybox [BEGINNER]
3,265,12.59,26.02,10.24,3.76,0.00,0.00,The Grinder [SP BEGINNER]
3,252,13.45,13.41,11.71,5.79,7.36,0.00,Time to beat the odds[SP BEGINNER]
3,260,16.29,36.47,22.78,3.80,0.00,0.00,VEZZELiX [Beginner]
3,236,6.48,9.09,4.72,7.32,10.15,6.78,えいえんの　ゆめを　ください[BEGINNER]
3,280,15.70,17.68,15.11,11.24,0.00,0.00,お兄火[SP Beginner]
3,260,15.15,15.78,11.02,3.96,2.93,0.00,アルスノヴァに喝采を [SP BEGINNER]
3,274,14.41,16.26,15.78,7.69,3.33,13.94,ヒュブリスの頂に聳えるのは [SP BEGINNER]
3,274,14.41,16.26,15.78,7.69,3.33,13.94,ヒュブリスの頂に聳えるのは [SP BEGINNER]
3,240,11.08,5.73,5.62,3.47,0.00,0.00,妹 [Beginner Sister]
3,300,18.28,22.43,14.36,4.22,0.00,0.00,廃液 [Beginner_7K]
3,269,13.81,22.21,14.98,4.00,11.25,0.00,戦　- IKUSA - [7KEYS BEGINNER]
3,260,14.67,21.76,13.63,22.77,0.00,0.00,温泉大作戦 [BEGINNER]
3,260,10.84,4.77,9.43,3.85,0.00,0.00,玉響サーチライト [SP BEGINNER]
3,213,10.62,8.40,8.52,3.38,7.66,0.00,祈雨の菖蒲
3,213,10.62,8.40,8.52,3.38,7.66,0.00,祈雨の菖蒲
3,235,9.76,5.66,4.61,4.96,0.00,4.41,翼の折れた天使たちのレクイエム [Beginner]
3,260,8.75,10.12,6.87,3.17,9.33,0.00,花たちに希望を [SP BEGINNER]
4,275,18.59,25.20,15.65,10.22,2.59,0.00,Back Out [SP BEGINNER]
4,370,19.84,26.94,26.33,15.68,10.46,0.00,Comet (BMS Edit) [SP BEGINNER]
4,380,16.51,23.04,24.18,10.47,3.44,0.00,ECKESACHS[BEGINNER]
4,321,19.29,31.42,26.70,10.94,9.58,0.00,GIFT [7key Easy]
4,300,17.79,25.25,18.45,3.89,0.00,0.00,Good Life [Beginner] obj:BMSSP
4,300,15.49,23.37,20.38,11.98,6.81,0.00,GOODFORTUNE [B]
4,235,16.20,15.53,14.51,4.37,12.50,0.00,GOODRUSH [B / GdbG BMS Package]
4,276,16.57,22.12,13.65,12.22,12.05,0.00,Heartstrings [SPB / GdbG BMS Package]
4,260,19.49,20.53,17.12,4.86,11.60,0.00,Kirakirize World [BEGINNER]
4,274,15.57,19.69,11.64,11.17,18.46,0.00,Kung-fu Fantasia [易]
4,269,21.40,13.59,12.78,7.75,3.15,0.00,KVEYKVA
4,320,24.50,28.73,26.68,9.79,18.52,0.00,Ops:Limone [SP BEGINNER]
4,280,20.96,32.43,28.98,10.84,3.12,0.00,Rush-Hour [SP Beginner / GdbG BMS Package]
4,283,14.85,16.15,20.84,12.42,7.96,0.00,SpellBound (Satellite Palace Remix) [7KEYS NORMAL]
4,340,24.19,35.82,22.11,7.76,0.00,0.00,Sweet Pie
4,280,18.61,26.27,23.19,10.36,0.00,0.00,イナリッチ
4,285,24.55,11.09,13.45,11.04,55.16,0.00,九龍霓虹街 [SP BEGINNR]
4,264,18.81,23.78,22.28,6.46,0.00,0.00,凛として純情  [LIGHT7 / GdbG BMS Package]
4,400,9.16,9.60,5.51,2.92,4.21,87.82,竹 [BEGINNER]
5,267,25.99,40.47,44.60,5.37,0.00,0.00,Amplifying Effect -SP BEGINNER-
5,373,18.59,31.84,28.88,4.87,0.00,0.00,Anti Function -SP STARTER-
5,385,25.69,33.92,30.35,5.71,4.70,0.00,Bad Elixir[STARTER]
5,370,23.66,20.32,39.42,5.41,0.00,0.00,Bouquet colore
5,364,28.97,33.53,37.12,7.29,0.00,0.00,Boxel Adventure
5,300,23.77,32.86,31.37,5.55,11.99,0.00,Edge of bravery[BEGINNER]
5,285,20.57,19.82,17.61,4.58,6.83,0.00,Fine Logic [7key LIGHT / GdbG BMS Package]
5,374,25.01,35.92,27.22,7.36,0.00,0.00,GOODRUSH [B]
5,370,27.30,26.54,29.01,5.78,0.00,0.00,Lacrimosa [SP Beginner]
5,306,23.84,42.54,30.44,5.40,33.01,0.00,Nothing is 4ever [7KEYS BEGINNER]
5,393,24.58,28.89,37.65,18.31,9.56,0.77,クエンさん＊ガバメント
7,576,48.58,59.47,67.87,21.76,0.00,0.00,Anti Function -SP BEGINNER-
7,372,30.62,46.55,42.24,11.56,5.68,0.00,Bad Elixir[BEGINNER]
8,410,39.61,63.69,54.85,17.42,24.56,20.91,MESMERA [SP BEGINNER]
2,244,13.86,7.60,4.59,2.87,0.00,0.00,The Last Page [5Keys NORMAL]
2,244,9.92,5.23,6.49,3.70,5.22,0.00,uruou
3,290,25.05,16.22,38.53,4.49,36.42,16.47,Baby
3,290,25.05,16.22,38.53,4.49,36.42,16.47,Baby
3,260,19.17,25.19,13.29,4.35,31.04,0.00,Contact lens - 1000RI 眼 [5K NORMAL]
3,350,20.49,37.40,11.10,9.49,12.58,0.00,Contact lens - 1000RI 眼 [7K NORMAL]
3,160,16.92,11.58,10.85,9.69,0.00,0.00,data lake [5k Normal]
3,160,21.73,10.24,11.33,4.91,0.00,0.00,data lake [7k Normal]
3,380,16.85,16.00,15.57,5.71,9.95,0.00,DIGITAL DIVER 20XX[NORMAL]
3,354,12.65,5.53,7.80,41.28,0.00,0.00,Kunzite [7K NORMAL]
3,260,18.15,10.01,15.49,4.86,4.78,0.00,Psalms ～魂の還るばしょ～ [SP NORMAL]
3,260,17.18,24.26,26.90,5.02,21.88,0.00,Removal [NORMAL]
3,220,14.61,22.28,9.68,7.78,16.26,0.00,SEKIDO [7NORMAL]
3,274,22.29,18.48,14.75,15.52,0.00,0.00,Shake U
3,243,13.14,9.25,6.12,5.82,0.00,0.00,Wanted Robbery
3,160,14.87,5.25,8.03,4.01,2.62,0.00,プナイプナイげんそう～５人の並行世界から来たてるやまたちが世界を救う！？　プナイプナイinワンダーランド～
3,233,8.69,3.92,3.25,3.46,2.62,0.00,プナイプナイせんそう
3,267,21.19,18.82,15.42,4.75,0.00,0.00,彼女が告白をした理由 [NORMAL]
3,180,16.86,11.92,10.72,3.87,0.00,0.00,晩夏 [SP NORMAL]
4,300,28.25,27.11,49.71,9.72,16.17,0.00,ALICE IN PICOPICO NIGHT (SP NORMAL)
4,335,22.17,20.84,23.65,4.54,0.00,0.00,alicemourn [NORMAL]
4,288,28.65,39.80,28.01,13.57,77.44,0.00,Brand New Stories -NORMAL-
4,270,19.30,15.08,16.28,4.08,0.00,0.00,breathe [SP NORMAL]
4,320,22.18,19.24,22.22,15.75,0.00,0.00,Can't it be true
4,320,21.71,34.70,60.89,4.60,51.39,0.00,Dolphins [NORMAL7]
4,270,20.66,18.76,15.13,4.12,14.99,0.00,Fall Apart [SP NORMAL]
4,270,17.95,23.37,16.30,9.52,45.99,0.00,Flashdance [Normal]
4,280,20.16,16.40,19.38,5.30,0.00,0.00,FURTHER FRONTIER[NORMAL]
4,250,18.90,13.94,8.88,8.20,0.00,0.00,Inside Out [SP NORMAL]
4,210,20.08,32.61,37.90,9.89,0.00,31.49,introspect
4,263,16.62,13.83,14.92,3.60,42.00,0.00,MARENOL[NORMAL]
4,315,25.99,17.20,24.40,5.47,25.37,0.00,Night view [NORMAL]
4,250,24.33,15.16,17.53,8.40,20.15,0.00,Not Useful Information [SP NORMAL]
4,260,15.31,26.62,12.49,15.08,0.00,0.00,NULCTRL [STX]
4,260,24.34,15.06,28.09,3.93,15.12,0.00,Same as you [SP NORMAL]
4,260,23.28,37.95,21.61,9.44,20.59,0.00,SEKIDO [5NORMAL]
4,247,17.22,18.09,25.22,6.74,8.19,0.00,slic.hertz [SP Normal]
4,255,23.58,25.67,25.01,4.66,34.32,0.00,Song [SP NORMAL]
4,255,23.58,25.67,25.01,4.66,34.32,0.00,Song [SP NORMAL]
4,270,15.17,16.79,16.91,6.01,7.01,0.00,Sugar Torture [SP NORMAL]
4,300,22.34,19.40,19.65,4.95,0.00,0.00,Twilight Route
4,290,26.13,39.65,27.14,7.89,7.43,0.00,Vista [7key Normal]
4,340,27.76,35.92,37.04,10.45,0.00,0.00,Wonderful Tomorrow [SP NORMAL]
4,280,18.97,14.62,25.07,4.84,17.75,0.00,ふたりの-><-シグナル [SP NORMAL]
4,280,18.97,14.62,25.07,4.84,17.75,0.00,ふたりの-><-シグナル [SP NORMAL]
4,350,25.64,35.01,25.89,63.98,38.60,0.00,ウタカタ・サマーメモリーズ [NORMAL]
4,300,20.23,33.96,15.19,6.31,10.94,0.00,スピカ [SP NORMAL]
4,327,24.10,16.20,15.55,10.29,6.70,0.00,告白/告別 (BMS edit.) [SP NORMAL]
4,300,19.94,30.90,19.39,4.84,24.47,0.00,爽昧夢想ラバーズ [SP NORMAL]
4,264,16.96,10.42,13.68,5.16,37.98,0.00,風時夏 [SP NORMAL]
5,380,19.71,27.69,32.64,16.89,23.16,0.00,"Flanker-E" [BEGINNER]
5,320,23.88,18.72,27.30,4.59,42.00,25.19,A Gleam for the Sightless [SP NORMAL]
5,391,28.55,51.07,61.83,5.24,0.00,0.00,Agilion[NORMAL]
5,400,32.66,38.89,85.85,5.38,0.00,0.00,Angel's Salad [NORMAL]
5,380,28.25,33.13,30.75,10.79,0.00,0.00,Black Wings [Normal]
5,342,33.49,24.18,39.14,9.89,61.80,0.00,Bouquet [SP Normal]
5,306,21.01,18.18,20.95,6.52,45.30,0.00,Destr0yer[NORMAL]
5,346,29.59,36.87,34.74,6.88,0.00,0.00,Elixir [NORMAL7]
5,280,23.44,24.29,20.87,13.31,9.57,0.00,energy trixxx
5,310,19.00,17.42,21.58,14.40,0.00,0.00,Eternal calm [NORMAL7]
5,300,21.97,40.20,20.37,16.65,81.86,0.00,Fever Dream [7-N]
5,160,20.35,16.19,14.71,8.73,0.00,0.00,For No Reason
5,353,24.97,37.67,51.50,6.36,0.00,0.00,Fuzzy-Navel [SP NORMAL]
5,265,19.89,20.84,25.88,13.89,10.90,0.00,GIMMICK [NORMAL]
5,320,27.04,19.24,23.30,5.21,2.79,86.34,Giselle [n]
5,393,27.78,44.35,83.19,18.18,44.03,0.00,GOODWORLD [N]
5,325,25.42,18.43,26.52,5.38,0.00,0.00,Grievous Fate[NORMAL]
5,350,27.16,38.11,45.67,13.78,23.16,0.00,IMPULSE [SP NORMAL]
5,160,28.64,43.55,43.01,5.90,0.00,0.00,INLINE [5k Normal]
5,270,27.10,32.06,51.89,7.29,23.26,30.00,introspect [SP NORMAL]
5,270,14.79,23.24,12.17,4.10,7.72,0.00,Luxvinore [7-N]
5,348,25.87,30.85,31.42,20.39,47.35,0.00,Mind Disorder [NORMAL]
5,370,25.77,37.06,47.48,4.92,4.68,0.00,New York Back Raise [SP NORMAL]
5,370,25.77,37.06,47.48,4.92,4.68,0.00,New York Back Raise [SP NORMAL]
5,328,27.34,38.99,51.98,16.58,15.02,0.00,NightTheater [SP NORMAL]
5,316,27.27,36.97,37.54,4.92,0.00,0.00,Null Archive [NORMAL]
5,399,30.75,28.41,32.98,11.34,7.79,0.00,Oekaki [SP Normal]
5,399,30.75,28.41,32.98,11.34,7.79,0.00,Oekaki [SP Normal]
5,310,24.69,36.25,36.36,39.72,88.42,57.27,ozma
5,360,22.22,28.52,30.55,3.84,27.89,0.00,Peridot [SP NORMAL]
5,390,44.45,61.12,40.34,5.66,3.03,0.00,PHAZE UPPER [SP NORMAL]
5,321,30.61,36.26,54.07,4.48,52.74,58.10,Random [SP NORMAL]
5,260,20.57,27.49,21.82,30.01,0.00,0.00,Rush-More [Normal]
5,400,36.32,57.86,29.41,5.54,0.00,0.00,Sea Breeze Memory[SP NORMAL]
5,305,17.50,22.81,13.17,3.70,26.49,19.43,Sense [SP NORMAL]
5,348,22.65,28.87,56.50,14.01,0.00,0.00,Shake U
5,338,28.18,31.99,38.02,8.99,31.78,0.00,SHINKA [7KEYS NORMAL]
5,540,20.82,41.17,34.37,50.60,0.00,0.00,Signager (Normal)
5,390,26.18,28.66,31.65,11.65,0.00,0.00,Sunset Toybox [NORMAL]
5,312,20.72,48.42,36.28,9.47,0.00,0.00,techいも [7K NORMAL]
5,321,35.07,41.29,30.98,9.30,58.96,0.00,Time to beat the odds[SP NORMAL]
5,290,20.78,24.15,28.82,6.95,0.00,0.00,Trane [SP NORMAL]
5,320,19.96,26.24,23.21,3.12,45.36,0.00,Twin☆kle Snowglobe [SP NORMAL]
5,307,26.67,56.64,44.34,7.52,0.00,0.00,VEZZELiX [Normal]
5,295,21.25,18.82,31.89,4.39,22.57,0.00,Wit's biz [SP NORMAL]
5,400,20.17,31.84,22.18,4.54,18.86,0.00,ゼイタクするまで抱きしめて [SP NORMAL]
5,280,22.41,30.15,26.38,14.76,0.00,0.00,マツユキソウ [Normal]
5,250,14.52,22.00,21.61,4.89,15.94,27.96,夏色海風 [かんたん]
5,305,26.92,28.19,35.67,7.94,20.71,0.00,家物語 [SP NORMAL]
5,275,18.66,11.65,20.00,7.84,0.00,0.00,東 [NORMAL]
5,338,22.95,38.31,37.78,34.25,9.58,0.00,温泉大作戦 [NORMAL]
5,620,23.16,38.16,40.66,8.78,7.09,0.00,田中 [NORMAL]
5,280,17.50,23.20,20.02,6.53,0.00,0.00,神様の恋心
6,390,29.30,39.03,23.75,20.17,24.67,0.00,"Fishpot"
6,380,27.13,39.73,28.71,44.84,12.59,0.00,(´0｀*)♪(≧Σ≦)♪(・ε・。)♪(￣∇￣；)♪（0∀0）=3♪o(･_･θ [SP NORMAL]
6,383,32.97,60.41,35.82,4.82,0.00,0.00,Armageddon[NORMAL]
6,361,34.28,31.06,46.67,5.83,0.00,0.00,Aurora [NORMAL7]
6,400,33.55,43.54,82.18,24.52,0.00,0.00,Bouquet colore
6,380,26.89,42.46,43.51,5.86,0.00,0.00,Breeze [NORMAL7]
6,380,29.50,42.09,47.42,18.26,12.71,0.00,Comet (BMS Edit) [SP NORMAL]
6,374,48.01,56.87,35.18,13.77,0.00,0.00,Ego Eater [Normal]
6,320,24.89,41.69,28.02,6.71,0.00,0.00,Electric Emotion
6,370,41.74,46.17,61.46,19.15,32.91,0.00,Error Sector
6,321,24.27,23.68,24.13,4.92,40.82,0.00,EXCEED THE D[NORMAL]
6,290,18.10,29.57,24.60,16.05,8.18,21.59,Gimme All The Cocaine [NORMAL]
6,350,25.90,28.41,39.82,6.11,0.00,0.00,Good Life [Normal]
6,410,28.64,44.07,52.23,9.59,27.84,0.00,GOODRUSH [N]
6,410,28.64,44.07,52.23,9.59,27.84,0.00,GOODRUSH [N]
6,350,27.37,39.88,47.34,12.90,12.13,69.52,Head BONK ache [SP NORMAL]
6,356,22.79,35.64,36.87,27.19,11.78,0.00,Heartstrings
6,160,30.47,38.89,28.62,8.85,19.79,0.00,Hi-Fi-Story [SP NORMAL]
6,328,26.46,33.32,34.17,17.49,67.80,0.00,HOPE [7key Normal HOPE]
6,160,35.26,33.47,27.64,5.76,0.00,0.00,INLINE [7k Normal]
6,321,25.65,31.42,26.64,18.42,59.63,0.00,JKillMe[SP NORMAL]
6,360,28.81,34.17,36.46,18.45,36.26,0.00,Kirakirize World [NORMAL]
6,353,28.15,29.72,30.99,34.66,47.04,0.00,Kung-fu Fantasia [凡]
6,300,24.02,24.47,20.55,11.96,13.85,0.00,KVEYKVA
6,350,23.42,31.43,26.75,14.81,28.17,0.00,LiVEMeTAL[NORMAL]
6,368,23.87,44.13,36.87,45.81,0.00,0.00,On And On!!
6,360,33.37,38.49,31.21,7.22,5.79,18.03,Opera House
6,384,48.14,46.03,45.58,35.15,28.22,0.00,Ops:Limone [SP NORMAL]
6,380,24.40,51.68,54.94,19.46,0.00,0.00,Palette Lab [NORMAL]
6,370,26.98,31.56,33.31,7.91,0.00,0.00,PhonDrome![NORMAL]
6,400,28.70,45.73,50.68,10.72,18.00,0.00,Pillars of Ash [NORMAL]
6,400,38.10,56.17,45.39,6.48,19.23,0.00,Prominence (BMS Edit) [SP NORMAL]
6,350,30.05,35.90,20.82,11.90,0.00,0.00,rainbow
6,315,29.99,39.50,49.80,9.55,0.00,0.00,reflection [7KEYS NORMAL]
6,350,27.64,36.84,49.19,11.12,4.05,0.00,Rush-Hour [SP Normal]
6,277,17.50,24.28,25.04,3.46,14.30,0.00,scorching:cyclone [SP NORMAL]
6,333,27.77,30.60,41.75,10.89,23.93,0.00,scualee[NORMAL]
6,333,27.77,30.60,41.75,10.89,23.93,0.00,scualee[NORMAL]
6,384,25.25,35.09,57.18,36.75,12.86,0.00,Secret Order [NORMAL]
6,383,27.61,40.42,34.77,12.10,10.31,0.00,self-dissociation [SP NORMAL]
6,333,47.41,41.65,59.91,5.00,14.41,0.00,Sesame Kingdom [Sesame Caravan]
6,370,27.81,35.69,42.59,8.43,10.14,0.00,Sweet Pie
6,350,32.14,33.76,19.38,5.91,34.01,0.00,The Last Page [SP NORMAL]
6,340,29.22,38.91,31.60,7.38,15.77,0.00,Unleashed World [NORMAL]
6,338,24.20,37.51,20.30,7.78,0.00,0.00,お兄火[SP Normal]
6,380,35.51,34.42,33.94,6.23,34.39,0.00,アルスノヴァに喝采を [SP NORMAL]
6,380,24.92,41.53,59.09,16.68,0.00,0.00,イナリッチ
6,435,35.10,45.42,60.75,24.43,19.35,23.23,クエンさん＊ガバメント
6,308,20.35,36.59,20.39,17.99,7.09,0.00,妹 [Normal Sister]
6,280,28.63,53.24,65.78,6.13,7.17,0.00,廃液 [Normal_7K]
6,328,20.66,31.97,32.33,4.63,26.70,0.00,戦　- IKUSA - [7KEYS NORMAL]
6,315,30.51,35.99,21.87,14.12,30.95,6.67,翼の折れた天使たちのレクイエム [Normal]
6,370,30.00,25.40,29.38,11.66,18.06,0.00,花たちに希望を [SP NORMAL]
7,500,37.33,55.40,70.64,62.37,20.02,0.00,"Flanker-E" [NORMAL]
7,365,33.49,35.41,35.93,10.35,49.32,0.00,"Fulcrum-D"
7,349,39.12,61.10,106.54,5.76,0.00,0.00,Amplifying Effect -SP NORMAL-
7,394,36.10,49.47,55.00,15.04,40.09,0.00,Back Out [SP NORMAL]
7,428,41.47,39.34,85.88,14.36,65.02,13.80,Cat's rule [Normal]
7,400,42.80,40.62,33.61,17.73,33.36,0.00,Cutter [SP NORMAL]
7,364,29.52,39.92,32.20,20.16,15.28,0.00,GIFT [7key Normal]
7,400,24.38,53.56,50.35,55.51,28.78,0.00,GOODFORTUNE [N]
7,450,52.40,51.91,62.07,15.65,0.00,0.00,Lacrimosa [SP Normal]
7,360,34.83,50.22,41.47,14.33,0.00,0.00,LAST PROPOZE[NORMAL]
7,351,34.91,26.17,23.14,7.56,79.36,28.30,MOBILYS [NORMAL]
7,340,28.79,44.52,58.66,27.96,0.00,0.00,Never Escape
7,390,50.17,52.42,52.67,14.69,25.32,0.00,Nothing is 4ever [7KEYS NORMAL]
7,376,29.97,62.23,71.52,36.66,0.00,0.00,Q33B [NORMAL]
7,383,30.86,50.19,49.51,3.33,18.05,0.00,Roject-HAB
7,370,30.78,48.50,13.71,6.23,0.00,0.00,Vis10ns [NORMAL]
7,390,42.30,47.74,60.63,29.64,26.53,0.00,うらドラみたいにスカートめくるなっ！ [NORMAL7]
7,352,25.28,37.92,56.57,14.29,8.79,6.68,えいえんの　ゆめを　ください[NORMAL]
7,420,51.15,50.01,45.25,15.78,21.16,14.30,ヒュブリスの頂に聳えるのは [SP NORMAL]
7,420,51.15,50.01,45.25,15.78,21.16,14.30,ヒュブリスの頂に聳えるのは [SP NORMAL]
7,372,25.45,24.11,40.59,4.87,34.11,0.00,玉響サーチライト [SP NORMAL]
7,345,26.76,23.19,27.94,10.84,19.42,0.00,祈雨の菖蒲
7,345,26.76,23.19,27.94,10.84,19.42,0.00,祈雨の菖蒲
7,442,25.96,43.50,32.82,6.06,0.00,110.54,竹 [NORMAL]
8,307,52.21,99.07,127.86,52.50,0.00,0.00,Amplifying Effect -SP 5KEY-
8,400,39.16,48.78,61.99,28.39,29.80,0.00,ECKESACHS[NORMAL]
8,180,57.45,58.36,33.49,14.60,20.79,0.00,Fine Logic [7key NORMAL]
8,383,40.91,44.54,108.70,14.95,21.00,0.00,SpellBound (Satellite Palace Remix) [7KEYS HYPER]
8,380,42.81,58.95,50.55,7.27,0.00,0.00,The Grinder [SP NORMAL]
8,377,34.67,39.08,28.63,25.73,65.17,0.00,九龍霓虹街 [SP NORMAL]
9,389,67.89,95.10,78.21,44.04,34.58,0.00,Bad Elixir[NORMAL]
10,444,82.90,100.66,144.69,34.00,0.00,0.00,Anti Function -SP NORMAL-
10,500,84.19,98.27,76.19,16.99,35.46,21.99,MESMERA [SP LIGHT]
12,660,137.39,145.65,119.33,35.34,31.43,23.76,MESMERA [SP NORMAL]
5,350,41.90,66.89,29.49,72.61,108.11,0.00,Contact lens - 1000RI 眼 [5K HARD]
5,363,29.24,48.00,27.67,0.00,0.00,0.00,Kunzite [5K HYPER]
5,345,27.18,36.57,25.94,5.57,0.00,0.00,uruou
6,160,23.90,31.28,29.12,7.52,0.00,0.00,data lake [5k Hyper]
6,160,30.32,29.75,36.04,7.05,0.00,0.00,data lake [7k Hyper]
6,365,26.03,32.68,50.26,20.80,0.00,0.00,Shake U
6,400,52.02,48.85,49.91,11.34,0.00,0.00,Wonderful Tomorrow [SP HYPER]
6,348,47.11,41.49,30.09,5.92,0.00,0.00,彼女が告白をした理由 [HYPER]
6,270,36.58,31.48,90.73,5.37,82.61,0.00,晩夏 [SP HYPER]
7,400,47.72,38.04,66.11,5.62,11.43,18.32,Baby
7,400,47.72,38.04,66.11,5.62,11.43,18.32,Baby
7,250,55.42,32.39,32.05,0.00,101.80,28.27,Bit by Bit [7light]
7,380,52.28,35.61,64.06,17.20,68.42,0.00,Bouquet [SP Hyper]
7,350,56.34,60.27,46.39,16.55,42.14,0.00,Contact lens - 1000RI 眼 [7K HYPER]
7,386,38.26,53.07,127.93,14.32,0.00,0.00,Dolphins [HYPER7]
7,350,34.53,51.07,45.37,14.38,23.09,0.00,Edge of bravery[NORMAL]
7,375,32.84,53.90,56.54,24.45,27.19,0.00,energy trixxx
7,420,44.31,43.62,68.07,33.40,0.00,0.00,Eternal calm [HYPER7]
7,370,44.95,38.52,46.07,5.43,48.72,0.00,Fall Apart [SP HYPER]
7,160,30.34,51.00,115.20,6.68,0.00,0.00,INLINE [5k Hyper]
7,160,38.04,43.35,113.08,6.51,0.00,0.00,INLINE [7k Hyper]
7,330,44.91,28.82,48.82,28.26,38.16,0.00,Not Useful Information [SP HYPER]
7,385,26.57,50.77,43.49,80.22,12.31,5.49,NULCTRL [ETX]
7,395,60.80,44.81,56.25,9.78,6.93,0.00,Psalms ～魂の還るばしょ～ [SP HYPER]
7,456,34.73,45.38,30.87,11.89,0.00,0.00,SHINKA [5KEYS]
7,370,34.29,39.03,44.16,7.02,23.21,0.00,Sugar Torture [SP HYPER]
7,450,54.59,56.41,62.09,6.23,2.50,0.00,Twilight Route
7,377,49.14,51.54,34.50,10.22,0.00,0.00,Wanted Robbery
7,380,40.50,31.52,31.14,6.30,22.39,0.00,ふたりの-><-シグナル [SP HYPER]
7,380,40.50,31.52,31.14,6.30,22.39,0.00,ふたりの-><-シグナル [SP HYPER]
7,160,35.84,26.16,50.73,6.64,47.84,0.00,プナイプナイげんそう～５人の並行世界から来たてるやまたちが世界を救う！？　プナイプナイinワンダーランド～
7,254,39.74,41.66,93.29,16.86,2.54,0.00,プナイプナイせんそう
7,420,47.18,55.06,37.66,13.85,14.03,0.00,爽昧夢想ラバーズ [SP HYPER]
8,400,57.72,42.90,63.32,19.82,96.67,46.34,A Gleam for the Sightless [SP HYPER]
8,420,48.58,48.55,125.71,16.82,34.28,0.00,Angel's Salad [HYPER]
8,409,72.25,76.10,69.00,18.09,101.43,0.00,Brand New Stories -HYPER-
8,360,39.05,39.96,55.47,10.79,13.17,0.00,DIGITAL DIVER 20XX［HYPER］
8,420,46.41,44.87,74.53,19.85,65.41,0.00,Flashdance [Hyper]
8,430,55.10,49.08,75.80,21.24,0.00,0.00,FURTHER FRONTIER[HYPER]
8,413,42.22,50.48,111.98,14.74,0.00,0.00,Fuzzy-Navel [SP HYPER]
8,440,54.66,46.84,75.00,27.57,2.57,0.00,Good Life [Hyper]
8,370,46.07,43.64,45.42,16.29,0.00,0.00,Inside Out [SP HYPER]
8,330,39.01,48.01,30.39,0.00,0.00,0.00,Kunzite [7K HYPER]
8,441,44.57,58.59,105.19,5.21,39.40,0.00,Luxvinore [7-H]
8,458,50.82,57.11,87.99,10.98,41.28,0.00,New York Back Raise [SP HYPER]
8,458,50.82,57.11,87.99,10.98,41.28,0.00,New York Back Raise [SP HYPER]
8,450,49.97,51.32,55.84,6.83,34.22,0.00,Night view [HYPER]
8,412,44.85,57.77,124.52,23.88,0.00,0.00,NightTheater [SP HYPER]
8,380,33.25,50.64,57.91,13.42,0.00,0.00,Null Archive [HYPER]
8,448,42.48,55.05,88.44,18.91,27.95,0.00,Peridot [SP HYPER]
8,448,56.10,78.38,88.07,6.68,3.01,0.00,PHAZE UPPER [SP HYPER]
8,420,54.69,55.29,60.86,42.98,58.68,0.00,Rush-More [Hyper]
8,300,55.17,40.99,71.00,5.35,39.87,0.00,Same as you [SP HYPER]
8,450,69.97,72.71,44.66,6.13,0.00,0.00,Sea Breeze Memory[SP HYPER]
8,420,39.41,45.14,49.78,6.60,61.46,21.59,Sense [SP HYPER]
8,483,47.27,45.03,83.38,13.29,29.03,0.00,SHINKA [7KEYS HYPER]
8,401,39.45,41.45,97.32,32.81,21.11,0.00,slic.hertz [SP Hyper]
8,444,58.22,56.17,61.31,5.90,47.80,0.00,Song [SP HYPER]
8,444,58.22,56.17,61.31,5.90,47.80,0.00,Song [SP HYPER]
8,400,30.81,86.41,54.62,13.59,0.00,0.00,techいも [7K HYPER]
8,330,45.64,61.64,47.51,12.00,8.42,0.00,Vista [7key Hyper]
8,390,42.14,53.59,40.63,6.69,33.82,0.00,スピカ [SP HYPER]
8,480,55.66,50.00,69.92,6.31,0.00,0.00,告白/告別 (BMS edit.) [SP HYPER]
8,380,54.39,62.32,85.41,53.77,56.07,0.00,家物語 [SP HYPER]
9,430,48.24,66.42,44.58,19.82,27.32,0.00,"Fishpot"
9,160,54.66,71.98,59.34,14.56,65.60,0.00,"Flanker-E" [HYPER]
9,416,54.18,60.48,56.56,18.81,28.02,0.00,"Fulcrum-D"
9,503,67.31,98.82,129.87,17.63,0.00,0.00,Agilion[HYPER]
9,450,83.91,85.03,148.48,16.66,22.38,0.00,ALICE IN PICOPICO NIGHT (SP HYPER)
9,470,62.59,70.44,78.19,6.55,39.84,0.00,alicemourn [HYPER]
9,460,53.04,63.28,75.53,12.94,46.19,0.00,Black Wings [Hyper]
9,500,62.69,70.98,84.16,63.03,0.00,0.00,Bouquet colore
9,400,51.52,52.89,71.57,8.53,0.00,0.00,breathe [SP HYPER]
9,400,55.49,61.31,63.04,7.49,0.00,0.00,Breeze [HYPER7]
9,450,62.94,54.10,59.01,28.34,43.77,0.00,Bubble Flower [Hyper]
9,480,85.34,59.24,62.45,56.45,54.30,0.00,Can't it be true
9,450,90.39,70.79,138.97,43.88,89.61,13.75,Cat's rule [5k Hyper]
9,425,73.37,67.70,117.79,15.89,80.26,13.75,Cat's rule [Hyper]
9,500,72.02,89.22,71.12,62.18,20.75,0.00,Comet (BMS Edit) [SP HYPER]
9,472,71.15,94.32,87.66,26.42,33.78,0.00,Creamy Sugary OVERDRIVE!!! [HYPER]
9,457,58.22,72.08,49.77,14.59,84.22,0.00,Destr0yer[HYPER]
9,400,77.64,82.54,75.28,24.65,43.79,0.00,Edge of bravery[HYPER]
9,456,58.46,67.98,61.83,7.80,0.00,0.00,Elixir [HYPER7]
9,403,44.64,66.63,65.08,23.72,32.17,0.00,energy trixxx
9,270,52.24,58.84,97.32,18.19,54.39,0.00,Error Sector
9,430,74.00,87.17,94.53,33.00,12.12,0.00,Fever Dream [7-H]
9,160,48.57,62.28,72.92,8.06,49.54,0.00,For No Reason
9,380,55.00,62.05,107.29,8.38,16.61,124.08,Giselle [h]
9,402,58.42,55.18,90.11,39.71,125.51,0.00,HOPE [7key Hyper HOPE]
9,400,52.25,62.17,73.74,27.06,32.83,0.00,IMPULSE [SP HYPER]
9,365,55.39,68.41,104.12,10.33,4.46,32.79,introspect [SP HYPER]
9,444,60.30,72.10,85.33,29.22,0.00,0.00,JKillMe[SP HYPER]
9,430,51.62,66.76,63.33,59.08,50.62,0.00,Kung-fu Fantasia [難]
9,440,62.97,63.92,60.56,15.66,0.00,0.00,LAST PROPOZE[HYPER]
9,464,62.02,67.10,105.72,4.44,37.19,0.00,MARENOL[HYPER]
9,474,52.23,41.25,52.63,11.50,13.72,0.00,Oekaki [SP Hyper]
9,474,52.23,41.25,52.63,11.50,13.72,0.00,Oekaki [SP Hyper]
9,450,54.91,64.16,56.13,83.32,0.00,0.00,On And On!!
9,450,79.54,89.27,85.46,62.09,46.51,0.00,Ops:Limone [SP HYPER]
9,450,44.18,72.95,89.98,29.13,0.00,0.00,Palette Lab [HYPER]
9,452,58.64,66.28,94.22,27.13,0.00,0.00,PhonDrome![HYPER]
9,444,48.46,72.51,57.69,16.74,25.86,0.00,R.I.P.
9,433,69.31,61.06,106.14,5.48,75.81,66.34,Random [SP HYPER]
9,420,67.38,73.46,130.48,16.33,14.69,0.00,reflection [7KEYS HYPER]
9,400,59.93,75.71,81.95,34.99,17.63,0.00,Removal [HYPER]
9,470,60.91,76.15,129.56,60.82,24.90,0.00,Rush-Hour [SP Hyper]
9,405,53.50,64.03,44.88,13.20,25.77,0.00,scorching:cyclone [SP HYPER]
9,448,58.38,60.69,106.75,18.32,43.35,0.00,scualee[HYPER]
9,448,58.38,60.69,106.75,18.32,43.35,0.00,scualee[HYPER]
9,440,48.94,58.13,83.75,52.02,46.75,0.00,Secret Order [HYPER]
9,460,53.73,95.35,53.06,63.97,11.77,0.00,SEKIDO [7HYPER]
9,427,51.71,52.21,81.44,21.52,0.00,0.00,Shake U
9,480,40.35,52.45,46.05,70.85,14.29,0.00,Signager (Hyper)
9,470,63.50,58.66,61.17,23.01,0.00,0.00,Sunset Toybox [HYPER]
9,500,79.05,124.99,77.29,7.68,0.00,0.00,The Last Page [5Keys HARD]
9,460,65.50,61.75,47.16,6.94,33.01,0.00,The Last Page [SP HYPER]
9,395,54.57,56.59,79.63,25.40,15.65,0.00,Trane [SP HYPER]
9,407,70.45,98.47,100.98,30.24,0.00,0.00,VEZZELiX [Hyper]
9,400,46.21,58.32,65.78,117.07,38.08,0.00,ウタカタ・サマーメモリーズ [HYPER]
9,490,59.27,63.41,80.41,33.94,26.97,24.26,クエンさん＊ガバメント
9,420,57.02,52.71,42.45,16.87,41.51,0.00,ゼイタクするまで抱きしめて [SP HYPER]
9,400,68.37,69.74,68.58,32.79,0.00,0.00,マツユキソウ [Hyper]
9,350,34.49,38.49,51.70,5.66,57.06,58.76,夏色海風 [ふつう]
9,400,25.04,76.07,38.01,79.23,8.12,0.00,妹 [Hyper Sister]
9,288,50.82,66.49,62.36,7.25,17.13,0.00,廃液 [Hyper_7K]
9,426,45.89,62.90,52.34,5.87,56.59,0.00,戦　- IKUSA - [7KEYS HYPER]
9,452,57.56,70.02,89.33,29.79,0.00,0.00,東 [HYPER]
9,451,52.88,64.58,81.34,78.78,25.08,0.00,温泉大作戦 [HYPER]
9,420,43.55,36.56,51.59,16.65,35.97,0.00,祈雨の菖蒲
9,420,43.55,36.56,51.59,16.65,35.97,0.00,祈雨の菖蒲
9,360,47.42,57.13,66.52,10.61,0.00,0.00,神様の恋心
9,452,62.52,52.55,38.63,8.74,8.20,0.00,風時夏 [SP HYPER]
10,509,92.40,102.93,94.10,75.95,32.18,17.07,(´0｀*)♪(≧Σ≦)♪(・ε・。)♪(￣∇￣；)♪（0∀0）=3♪o(･_･θ [SP HYPER]
10,435,75.88,95.50,132.63,38.51,0.00,0.00,Amplifying Effect -SP HYPER-
10,519,83.62,117.05,93.23,6.85,0.00,0.00,Armageddon[HYPER]
10,480,79.41,77.19,108.35,12.80,0.00,0.00,Aurora [HYPER7]
10,500,81.28,76.47,65.52,48.84,38.46,0.00,Back Out [SP HYPER]
10,510,93.55,87.68,100.10,68.92,0.00,0.00,Cutter [SP HYPER]
10,471,82.98,85.88,108.36,33.22,0.00,0.00,Ego Eater [Hyper]
10,420,73.30,83.01,88.78,58.40,0.00,0.00,Electric Emotion
10,480,63.90,77.64,52.43,7.11,38.98,0.00,EXCEED THE D[HYPER]
10,234,69.57,70.49,84.28,28.98,20.65,0.00,Fine Logic [7key HYPER]
10,505,77.50,85.65,81.98,56.53,53.67,0.00,GIFT [7key Hyper]
10,460,64.98,94.18,119.24,69.87,18.01,24.58,Gimme All The Cocaine [HYPER]
10,425,60.80,68.44,120.70,59.93,58.96,0.00,GIMMICK [HYPER]
10,500,70.31,89.66,109.64,101.50,36.23,0.00,GOODFORTUNE [H]
10,528,78.33,106.45,144.40,21.13,31.81,0.00,GOODRUSH [H]
10,528,78.33,106.45,144.40,21.13,31.81,0.00,GOODRUSH [H]
10,502,76.17,92.10,123.32,36.23,70.66,0.00,GOODWORLD [H]
10,450,71.06,75.57,83.14,51.41,50.10,0.00,Grievous Fate[HYPER]
10,425,84.84,83.77,88.08,32.84,34.70,80.53,Head BONK ache [SP HYPER]
10,505,51.97,63.89,98.23,67.29,23.91,0.00,Heartstrings
10,510,82.75,101.74,85.58,18.34,41.27,0.00,Hi-Fi-Story [SP HYPER]
10,470,78.02,66.10,108.01,33.76,69.60,0.00,Kirakirize World [HYPER]
10,476,78.42,76.69,79.96,50.70,27.93,0.00,KVEYKVA
10,460,60.63,91.47,68.62,30.89,17.61,0.00,LiVEMeTAL[HYPER]
10,476,73.66,87.88,84.69,66.06,65.48,0.00,Mind Disorder [HYPER]
10,469,73.38,66.69,59.88,37.41,99.73,32.92,MOBILYS [HYPER]
10,460,75.10,107.48,128.59,43.86,0.00,0.00,Never Escape
10,480,79.43,99.56,72.07,12.36,0.00,0.00,Opera House
10,470,80.02,76.18,67.77,94.87,111.63,60.88,ozma
10,450,74.54,65.82,81.88,80.75,20.04,0.00,Paracelestia
10,500,77.07,81.61,114.63,26.29,59.16,0.00,Pillars of Ash [HYPER]
10,475,80.89,92.76,68.80,7.22,27.65,0.00,Prominence (BMS Edit) [SP HYPER]
10,457,65.86,105.08,129.57,54.74,0.00,0.00,Q33B [HYPER]
10,450,69.99,72.90,71.54,42.62,0.00,0.00,rainbow
10,487,74.45,80.79,81.45,7.99,61.93,0.00,Roject-HAB
10,485,77.95,89.49,92.00,19.17,40.10,0.00,self-dissociation [SP HYPER]
10,433,73.30,62.92,82.80,89.63,26.62,0.00,Sesame Kingdom [Sesame Knight]
10,480,71.16,70.81,87.98,63.53,19.01,0.00,Sweet Pie
10,500,78.77,110.30,80.40,26.15,24.83,0.00,Time to beat the odds[SP HYPER]
10,506,71.38,82.36,77.61,31.75,57.84,0.00,Twin☆kle Snowglobe [SP HYPER]
10,460,74.09,96.81,79.74,10.27,27.96,0.00,Unleashed World [HYPER]
10,356,62.62,65.62,90.37,13.08,82.46,0.00,Wit's biz [SP HYPER]
10,432,84.57,91.77,99.29,67.12,49.83,0.00,うらドラみたいにスカートめくるなっ！ [HYPER7]
10,460,72.63,92.55,93.51,16.35,94.02,7.10,えいえんの　ゆめを　ください[HYPER]
10,469,71.01,77.79,82.70,33.06,0.00,0.00,お兄火[SP Hyper]
10,490,73.39,76.45,93.25,15.00,33.60,0.00,アルスノヴァに喝采を [SP HYPER]
10,500,75.69,100.28,158.35,60.81,39.17,0.00,イナリッチ
10,550,94.51,85.56,99.97,44.80,35.03,14.07,ヒュブリスの頂に聳えるのは [SP HYPER]
10,550,94.51,85.56,99.97,44.80,35.03,14.07,ヒュブリスの頂に聳えるのは [SP HYPER]
10,451,76.67,69.96,80.59,33.85,71.11,0.00,九龍霓虹街 [SP HYPER]
10,508,74.88,72.19,76.36,16.06,33.80,0.00,玉響サーチライト [SP HYPER]
10,496,72.92,91.41,65.96,16.90,70.39,0.00,田中 [HYPER]
10,498,58.76,74.38,61.55,12.17,0.00,149.67,竹 [HYPER]
10,420,68.46,77.32,67.57,19.93,26.19,7.12,翼の折れた天使たちのレクイエム [Hyper]
10,512,84.70,76.31,66.26,24.67,24.06,0.00,花たちに希望を [SP HYPER]
11,444,94.80,129.85,110.70,71.80,35.70,0.00,Bad Elixir[HYPER]
11,620,98.69,108.23,99.77,67.98,33.13,0.00,ECKESACHS[HYPER]
11,525,88.00,108.60,53.69,8.25,25.33,0.00,EXCEED THE D[HARD]
11,525,101.53,117.98,85.65,79.80,0.00,0.00,Grievous Fate[HARD]
11,540,102.37,113.76,114.69,21.17,0.00,0.00,Lacrimosa [SP Hyper]
11,480,91.08,120.41,93.89,22.16,21.55,0.00,Nothing is 4ever  [7KEYS HYPER]
11,538,89.68,98.85,150.93,28.23,40.33,0.00,SpellBound (Satellite Palace Remix) [7KEYS ANOTHER]
11,450,87.88,87.37,72.88,10.88,0.00,0.00,The Grinder [SP HYPER]
11,420,60.50,92.34,60.63,5.25,0.00,0.00,Vis10ns [HYPER]
12,721,121.03,144.44,172.52,93.92,0.00,0.00,Anti Function -SP HYPER-
12,500,155.14,161.46,87.93,17.92,80.32,23.18,MESMERA [SP HYPER]
5,99,32.41,94.07,37.46,7.12,0.00,28.69,Bit by Bit [5]
7,160,46.70,42.59,44.56,8.12,0.00,0.00,data lake [7k Another]
8,400,73.10,75.76,44.22,120.11,92.38,0.00,Contact lens - 1000RI 眼 [5K ANOTHER]
8,160,33.00,41.35,38.80,9.03,0.00,0.00,data lake [5k Another]
8,400,67.00,105.39,62.47,78.28,0.00,0.00,SEKIDO [5HARD]
8,432,52.05,54.47,72.02,23.25,0.00,0.00,Shake U
8,387,65.56,52.86,45.87,7.43,0.00,0.00,彼女が告白をした理由 [ANOTHER]
9,460,80.53,78.45,83.85,55.95,0.00,0.00,Eternal calm [ANOTHER7]
9,333,68.56,97.74,121.03,17.21,0.00,37.76,introspect
9,412,53.36,60.71,68.45,10.13,70.73,0.00,uruou
9,507,66.33,61.40,84.78,7.08,0.00,0.00,告白/告別 (BMS edit.) [SP ANOTHER]
9,350,76.63,64.86,153.00,6.49,76.71,0.00,晩夏 [SP ANOTHER]
10,440,75.30,52.38,84.40,6.70,73.48,18.65,Baby
10,440,75.30,52.38,84.40,6.70,73.48,18.65,Baby
10,457,96.63,67.56,112.87,21.93,70.51,0.00,Bouquet [SP Another]
10,496,120.93,107.92,84.67,23.67,0.00,0.00,Brand New Stories -ANOTHER-
10,350,101.30,85.53,65.20,39.75,67.50,0.00,Contact lens - 1000RI 眼 [7K ANOTHER]
10,360,86.71,70.49,83.37,22.82,0.00,0.00,DIGITAL DIVER 20XX
10,460,59.28,80.37,154.25,42.22,44.15,0.00,Dolphins [ANOTHER7]
10,460,84.01,66.37,105.98,6.87,95.80,0.00,Fall Apart [SP ANOTHER]
10,450,82.82,67.18,97.51,25.59,66.02,0.00,Flashdance [Another]
10,530,86.42,85.48,139.78,23.99,29.35,0.00,Fuzzy-Navel [SP ANOTHER]
10,450,90.77,67.93,80.68,33.02,10.17,0.00,Good Life [Another]
10,160,55.78,88.02,110.24,11.83,0.00,0.00,INLINE [5k Another]
10,160,75.03,80.44,120.42,7.54,0.00,0.00,INLINE [7k Another]
10,509,85.59,79.61,92.43,9.97,44.70,0.00,Night view [ANOTHER]
10,405,114.55,59.76,77.65,67.76,135.69,0.00,Not Useful Information [SP ANOTHER]
10,431,40.09,68.69,47.98,85.14,24.49,5.49,NULCTRL [EOT]
10,497,85.21,97.92,99.99,88.18,0.00,0.00,On And On!!
10,450,95.79,84.75,102.63,81.19,15.99,0.00,Rush-More [Another]
10,475,90.12,81.81,50.61,32.09,0.00,0.00,Sea Breeze Memory[SP ANOTHER]
10,583,82.13,72.82,70.55,23.81,34.36,0.00,SHINKA [7KEYS ANOTHER]
10,450,78.07,66.36,84.78,8.20,40.84,0.00,Sugar Torture [SP ANOTHER]
10,370,77.05,82.12,67.62,13.51,0.00,0.00,Vista [7key Another]
10,452,88.84,88.08,56.12,13.67,0.00,0.00,Wanted Robbery
10,455,75.33,65.45,93.69,12.17,0.00,0.00,Wonderful Tomorrow [SP ANOTHER]
10,487,102.79,76.35,65.24,13.73,50.06,0.00,ふたりの-><-シグナル [SP ANOTHER]
10,487,102.79,76.35,65.24,13.73,50.06,0.00,ふたりの-><-シグナル [SP ANOTHER]
10,585,93.66,94.15,113.03,97.61,33.38,28.61,クエンさん＊ガバメント
10,160,93.64,70.98,94.31,7.93,47.91,0.00,プナイプナイげんそう～５人の並行世界から来たてるやまたちが世界を救う！？　プナイプナイinワンダーランド～
10,520,86.60,84.30,75.18,50.02,26.66,0.00,爽昧夢想ラバーズ [SP ANOTHER]
11,160,107.03,118.13,93.03,34.88,90.42,0.00,"Flanker-E" [ANOTHER]
11,420,100.83,106.06,150.41,23.74,73.18,0.00,2anyFirst [7-A]
11,574,125.34,142.14,131.09,64.09,0.00,0.00,Agilion[ANOTHER]
11,530,120.44,126.09,157.40,26.21,40.06,0.00,ALICE IN PICOPICO NIGHT (SP Another)
11,518,116.92,133.82,125.87,87.66,0.00,0.00,Amplifying Effect -SP ANOTHER-
11,560,111.32,115.33,170.02,32.09,46.66,0.00,Angel's Salad [ANOTHER]
11,530,94.50,99.74,100.25,16.76,59.38,0.00,Black Wings [Another]
11,470,93.76,88.79,74.03,9.83,0.00,0.00,Breeze [ANOTHER7]
11,433,91.25,64.91,98.54,42.78,63.26,0.00,Can't it be true
11,560,118.76,127.36,137.27,78.50,33.97,0.00,Comet (BMS Edit) [SP ANOTHER]
11,534,109.20,125.54,92.47,72.09,56.81,0.00,Creamy Sugary OVERDRIVE!!! [ANOTHER]
11,480,105.16,92.00,83.30,73.42,40.39,0.00,Edge of bravery[ANOTHER]
11,570,114.40,115.61,86.37,14.96,5.05,0.00,Elixir [ANOTHER7]
11,493,76.89,104.03,99.52,64.41,47.67,0.00,energy trixxx
11,500,97.06,111.51,117.42,21.33,74.88,0.00,Error Sector
11,530,101.81,98.93,97.56,38.49,0.00,0.00,FURTHER FRONTIER[ANOTHER]
11,410,97.38,119.74,152.93,8.80,25.71,144.76,Giselle [a]
11,540,107.57,127.02,126.83,37.62,75.16,0.00,GOODWORLD [A]
11,399,92.57,93.13,83.89,39.28,37.43,0.00,IMPULSE [SP ANOTHER]
11,470,87.60,79.43,75.05,29.00,0.00,0.00,Inside Out [SP ANOTHER]
11,435,94.21,104.40,126.24,35.43,3.17,37.02,introspect [SP ANOTHER]
11,549,105.86,107.44,132.90,56.46,42.38,0.00,JKillMe[SP ANOTHER]
11,500,98.85,85.89,114.32,34.04,65.54,0.00,Kirakirize World [ANOTHER-]
11,429,73.42,57.39,40.46,38.20,0.00,0.00,Kunzite [7K ANOTHER]
11,530,104.30,101.50,67.19,21.61,0.00,0.00,LAST PROPOZE[ANOTHER]
11,450,116.35,113.71,82.64,34.98,0.00,31.42,Life is PIANO [Another]
11,531,118.36,122.47,153.69,12.51,88.48,0.00,MARENOL[ANOTHER]
11,558,113.26,92.92,67.94,49.82,104.45,113.98,MOBILYS [ANOTHER]
11,460,119.43,118.43,133.17,41.93,78.43,0.00,New York Back Raise [SP ANOTHER]
11,460,119.43,118.43,133.17,41.93,78.43,0.00,New York Back Raise [SP ANOTHER]
11,523,93.26,97.94,90.05,41.36,19.29,0.00,NightTheater [SP ANOTHER]
11,455,73.41,76.96,69.77,16.97,10.95,0.00,Null Archive [ANOTHER]
11,537,91.47,77.44,100.61,41.52,30.81,0.00,Oekaki [SP Another]
11,537,91.47,77.44,100.61,41.52,30.81,0.00,Oekaki [SP Another]
11,515,81.98,110.46,133.63,50.48,33.23,0.00,Palette Lab [ANOTHER]
11,488,96.52,108.33,128.79,32.28,49.42,0.00,Peridot [SP ANOTHER]
11,573,106.42,120.93,137.35,62.25,16.32,0.00,PHAZE UPPER [SP ANOTHER]
11,577,113.54,122.08,117.09,84.68,0.00,0.00,PhonDrome![ANOTHER]
11,532,97.09,110.67,101.92,42.94,75.60,0.00,R.I.P.
11,510,103.60,96.98,145.53,68.31,33.50,0.00,reflection [7KEYS ANOTHER]
11,450,117.79,124.92,102.40,71.13,34.96,0.00,Removal [ANOTHER]
11,298,114.76,68.71,99.93,3.79,84.49,0.00,Same as you [SP ANOTHER]
11,527,107.79,114.76,79.26,32.18,37.20,0.00,scorching:cyclone [SP ANOTHER]
11,529,113.94,102.17,125.68,88.14,85.60,0.00,scualee[ANOTHER]
11,529,113.94,102.17,125.68,88.14,85.60,0.00,scualee[ANOTHER]
11,533,98.74,105.02,110.95,71.16,63.29,0.00,Secret Order [ANOTHER]
11,506,94.09,100.87,154.91,109.41,68.89,0.00,slic.hertz [SP Another]
11,510,92.17,91.55,85.09,34.83,0.00,0.00,Song [SP ANOTHER]
11,510,92.17,91.55,85.09,34.83,0.00,0.00,Song [SP ANOTHER]
11,540,108.82,103.59,123.12,43.97,0.00,0.00,Sunset Toybox [ANOTHER]
11,485,91.86,129.03,62.09,20.97,0.00,0.00,techいも [7K ANOTHER]
11,480,94.34,86.33,65.92,8.00,71.94,0.00,The Last Page [SP ANOTHER]
11,455,86.98,80.43,101.03,25.06,16.43,0.00,Trane [SP ANOTHER]
11,500,115.89,111.93,76.58,7.55,0.00,0.00,Twilight Route
11,450,112.91,120.44,126.62,104.65,0.00,0.00,VEZZELiX [Another]
11,580,92.05,98.63,99.18,126.04,10.95,0.00,ウタカタ・サマーメモリーズ [ANOTHER]
11,470,100.38,86.07,70.67,8.64,76.63,0.00,スピカ [SP ANOTHER]
11,420,115.32,102.63,81.47,30.65,59.33,0.00,ゼイタクするまで抱きしめて [SP ANOTHER]
11,490,119.33,116.70,103.05,28.23,0.00,0.00,マツユキソウ [Another]
11,337,106.32,118.51,130.96,41.31,64.52,0.00,九龍霓虹街 [SP ANOTHER]
11,300,63.17,67.47,64.09,7.98,91.69,52.40,夏色海風 [むずかしい]
11,450,93.46,84.54,124.05,64.97,76.50,0.00,家物語 [SP ANOTHER]
11,385,93.55,112.34,61.15,9.17,37.78,0.00,廃液 [Another_7K]
11,580,109.58,110.63,159.88,69.87,81.80,0.00,東 [ANOTHER]
11,483,83.51,102.49,96.48,93.72,25.31,0.00,温泉大作戦 [ANOTHER]
11,502,78.34,70.12,70.26,31.17,38.47,0.00,祈雨の菖蒲
11,502,78.34,70.12,70.26,31.17,38.47,0.00,祈雨の菖蒲
11,440,89.14,90.58,97.08,29.11,0.00,0.00,神様の恋心
11,510,124.32,119.17,80.92,26.92,33.62,7.70,翼の折れた天使たちのレクイエム [Another]
11,432,94.49,81.45,78.67,9.71,8.16,0.00,風時夏 [SP ANOTHER]
12,600,156.44,161.41,82.88,64.56,102.00,0.00,"Fishpot"
12,595,137.35,127.07,99.82,42.35,57.27,15.19,"Fulcrum-D"
12,560,126.60,131.90,110.25,94.29,44.06,17.05,(´0｀*)♪(≧Σ≦)♪(・ε・。)♪(￣∇￣；)♪（0∀0）=3♪o(･_･θ [SP ANOTHER]
12,480,125.91,120.68,126.10,15.08,105.10,0.00,A Gleam for the Sightless [SP ANOTHER]
12,575,140.24,147.70,147.61,74.78,47.42,0.00,alicemourn [ANOTHER]
12,525,116.64,118.44,113.57,16.54,43.41,0.00,alicemourn [HARD]
12,545,146.54,157.16,114.81,14.79,0.00,0.00,Armageddon[ANOTHER]
12,580,119.32,124.49,128.04,17.71,0.00,0.00,Aurora [ANOTHER7]
12,555,132.43,127.66,86.07,57.89,40.67,0.00,Back Out [SP ANOTHER]
12,567,148.37,163.12,158.48,133.66,62.73,0.00,Bad Elixir[ANOTHER]
12,300,127.94,135.78,54.93,74.17,75.17,54.09,Bit by Bit [7main]
12,550,99.91,97.96,86.49,92.51,0.00,0.00,Bouquet colore
12,400,98.00,97.56,135.51,14.56,0.00,0.00,breathe [SP ANOTHER]
12,520,128.33,105.36,152.02,29.08,118.06,13.72,Cat's rule [Insane]
12,564,128.58,115.55,133.66,115.57,54.83,0.00,Cutter [SP ANOTHER]
12,555,126.31,137.67,67.01,22.47,115.62,43.44,Destr0yer[ANOTHER]
12,675,140.64,139.98,125.32,106.83,48.46,0.00,ECKESACHS[ANOTHER]
12,500,127.96,116.32,77.17,90.47,40.21,0.00,Edge of bravery[VENGEANCE]
12,561,142.37,138.95,117.38,111.98,0.00,0.00,Ego Eater [Another]
12,534,141.86,150.73,149.04,123.09,0.00,0.00,Electric Emotion
12,557,99.35,130.54,107.32,112.37,51.36,0.00,energy trixxx
12,530,136.43,140.93,86.79,63.95,0.00,0.00,EXCEED THE D[ANOTHER]
12,590,141.60,149.98,166.53,37.96,24.58,0.00,Fever Dream [7-A]
12,554,122.34,129.30,93.77,35.86,0.00,0.00,Fine Logic [7key ANOTHER]
12,160,121.55,130.49,75.94,50.84,67.51,0.00,For No Reason
12,660,126.68,129.37,114.89,97.98,36.35,0.00,GIFT [7key Another]
12,500,126.09,135.17,136.35,89.13,40.04,29.82,Gimme All The Cocaine [ANOTHER]
12,325,120.42,138.77,170.01,93.81,38.72,17.29,GIMMICK [ANOTHER]
12,550,114.20,115.73,124.36,109.60,34.62,0.00,GOODFORTUNE [A]
12,562,112.96,129.52,154.43,28.48,32.69,0.00,GOODRUSH [A]
12,562,112.96,129.52,154.43,28.48,32.69,0.00,GOODRUSH [A]
12,550,138.83,145.95,95.23,101.12,0.00,0.00,Grievous Fate[ANOTHER]
12,450,145.39,143.57,116.50,75.43,63.98,80.49,Head BONK ache [SP ANOTHER]
12,596,101.97,110.33,120.90,100.56,60.71,0.00,Heartstrings
12,560,121.60,137.79,106.47,19.59,42.85,0.00,Hi-Fi-Story [SP ANOTHER]
12,533,133.91,113.57,113.31,71.08,151.07,0.00,HOPE [7key Another HOPE]
12,530,119.82,109.34,131.05,70.83,70.07,0.00,Kirakirize World [ANOTHER]
12,602,133.69,127.25,107.91,84.77,88.63,0.00,Kung-fu Fantasia [達]
12,580,119.17,122.38,81.90,65.94,36.11,0.00,KVEYKVA
12,630,134.18,147.86,126.75,21.05,0.00,0.00,Lacrimosa [SP Another]
12,560,124.75,135.14,92.82,49.20,62.52,19.72,LiVEMeTAL[ANOTHER]
12,650,124.73,141.02,163.93,41.08,78.76,0.00,Luxvinore [7-A]
12,598,132.40,130.12,131.09,121.64,58.32,101.59,Mind Disorder [ANOTHER]
12,650,132.12,146.39,158.84,89.61,0.00,0.00,Never Escape
12,576,130.56,147.26,99.20,87.27,37.50,0.00,Nothing is 4ever [7KEYS ANOTHER]
12,540,128.16,139.02,112.49,19.64,15.52,0.00,Opera House
12,552,131.18,126.96,107.57,89.20,63.54,0.00,Ops:Limone [SP ANOTHER]
12,610,138.33,140.39,134.67,108.79,133.37,71.78,ozma
12,544,116.87,99.34,86.98,105.16,36.73,0.00,Paracelestia
12,470,138.62,138.72,135.91,48.56,75.82,0.00,Pillars of Ash [ANOTHER]
12,530,113.46,123.39,71.26,7.35,27.84,0.00,Prominence (BMS Edit) [SP ANOTHER]
12,505,121.45,127.19,120.99,16.91,54.30,0.00,Psalms ～魂の還るばしょ～ [SP ANOTHER]
12,471,81.71,119.30,141.30,57.67,0.00,0.00,Q33B [ANOTHER]
12,550,108.62,106.52,79.12,64.63,0.00,0.00,rainbow
12,467,126.78,125.53,159.62,8.41,85.90,71.58,Random [SP ANOTHER]
12,555,128.70,146.63,123.84,14.25,71.97,0.00,Roject-HAB
12,450,113.59,117.31,152.41,101.27,50.09,0.00,Rush-Hour [SP Another]
12,550,103.91,129.12,73.59,84.11,28.07,0.00,SEKIDO [7ANOTHER]
12,400,137.44,137.83,130.41,19.49,56.40,0.00,self-dissociation [SP ANOTHER]
12,525,112.75,94.38,107.52,36.22,54.89,23.53,Sense [SP ANOTHER]
12,533,134.41,150.92,154.89,123.13,86.78,56.65,Sesame Kingdom [Sesame Princess]
12,502,82.22,67.55,92.21,99.54,0.00,0.00,Shake U
12,568,132.68,116.91,76.13,132.97,54.07,0.00,Signager (Another)
12,638,134.18,142.89,164.52,45.64,79.59,0.00,SpellBound (Satellite Palace Remix) [7KEYS LUNATIC]
12,540,131.39,134.19,76.07,74.00,46.07,0.00,Sweet Pie
12,550,118.76,114.92,64.50,38.18,0.00,0.00,The Grinder [SP ANOTHER]
12,560,110.90,136.69,95.81,40.23,58.06,0.00,Time to beat the odds[SP ANOTHER]
12,666,128.94,138.75,106.32,57.47,74.34,0.00,Twin☆kle Snowglobe [SP ANOTHER]
12,360,121.59,144.85,93.64,61.10,0.00,0.00,Unleashed World [ANOTHER-]
12,480,146.54,158.38,100.22,67.64,0.00,0.00,Unleashed World [ANOTHER]
12,450,89.00,112.92,60.04,5.34,40.64,0.00,Vis10ns [ANOTHER]
12,443,127.11,128.66,146.10,25.13,124.41,0.00,Wit's biz [SP ANOTHER]
12,555,132.74,146.45,138.05,127.41,0.00,0.00,うらドラみたいにスカートめくるなっ！ [ANOTHER7]
12,670,139.36,144.47,142.01,70.48,62.46,8.11,えいえんの　ゆめを　ください[ANOTHER]
12,522,121.15,125.32,135.51,54.40,0.00,0.00,お兄火[SP Another]
12,590,112.13,113.97,111.41,25.58,44.13,0.00,アルスノヴァに喝采を [SP ANOTHER]
12,550,135.70,149.25,178.80,94.86,0.00,0.00,イナリッチ
12,670,128.66,126.70,105.11,55.93,38.08,14.07,ヒュブリスの頂に聳えるのは [SP ANOTHER]
12,670,128.66,126.70,105.11,55.93,38.08,14.07,ヒュブリスの頂に聳えるのは [SP ANOTHER]
12,609,116.09,145.47,142.40,135.43,24.59,0.00,妹 [Another Sister]
12,540,115.16,126.62,135.46,7.10,71.15,0.00,戦　- IKUSA - [7KEYS ANOTHER]
12,650,136.61,139.74,124.96,84.77,42.36,0.00,玉響サーチライト [SP ANOTHER+]
12,600,127.05,124.53,129.04,70.54,38.51,0.00,玉響サーチライト [SP ANOTHER]
12,562,130.02,139.54,100.53,34.45,63.88,0.00,田中 [ANOTHER]
12,567,120.53,123.37,89.66,15.92,0.00,155.40,竹 [ANOTHER]
12,573,130.69,123.90,79.97,39.84,42.80,0.00,花たちに希望を [SP ANOTHER]
20,827,144.30,166.96,180.22,123.31,38.58,0.00,Anti Function -SP ANOTHER-
24,740,179.88,190.68,131.97,40.68,39.98,25.89,MESMERA [SP ANOTHER]
-1,300,155.76,168.05,180.70,107.44,66.35,0.00,GIMMICK [://]
0,425,161.64,156.88,159.55,68.77,110.03,0.00,A Gleam for the Sightless [SP CLUELESS]
0,750,182.05,188.78,98.87,72.26,0.00,0.00,Agilion[OVERJOY]
0,565,171.50,186.59,155.31,39.70,0.00,0.00,Armageddon[INSANE]
0,530,155.81,157.30,84.05,27.73,111.21,43.11,Destr0yer[INSANE]
0,360,118.48,99.97,76.99,19.15,0.00,0.00,DIGITAL DIVER 20XX［FUTURE］
0,400,38.05,113.75,89.27,28.63,0.00,62.69,drink-colored eight star [file]
0,160,0.00,0.00,0.00,0.00,0.00,0.00,Fine Logic
0,666,169.37,167.42,131.94,102.24,0.00,0.00,GIFT [For "U"...]
0,691,147.58,151.87,144.30,91.62,64.87,0.00,JKillMe[SP REVENGE]
0,400,101.75,76.23,99.60,41.40,83.70,151.99,Kirakirize World [Kirakira]
0,650,163.62,159.68,83.69,26.57,75.74,20.85,LiVEMeTAL[IRREGULAR]
0,553,157.04,157.89,186.59,16.47,65.78,0.00,MARENOL[INSANE]
0,300,126.38,138.87,159.44,18.78,42.72,0.00,SpellBound (Satellite Palace Remix) [7KEYS INSANE]
0,681,148.47,161.59,115.40,106.54,61.84,0.00,Time to beat the odds[SP REBELLIONS]
0,865,174.79,184.36,154.72,92.20,70.33,30.95,えいえんの　ゆめを　ください[NIRVANA]
1,415,117.60,110.14,153.62,6.85,53.51,0.00,Fall Apart [SP INSANE]
1,365,97.93,96.53,133.11,52.56,91.80,0.00,家物語 [家への険しい道のり]
2,460,123.77,111.96,88.78,9.94,8.14,0.00,風時夏 [SP INSANE]
3,510,132.25,130.52,72.25,60.03,0.00,0.00,Inside Out [SP INSANE]
3,438,125.60,129.19,101.30,35.40,24.53,0.00,Peridot [SP CHRYSOLITE]
4,450,127.16,123.33,112.05,39.17,42.73,0.00,Song [SP INSANE]
4,450,127.16,123.33,112.05,39.17,42.73,0.00,Song [SP INSANE]
4,370,131.70,114.46,116.79,31.23,0.00,0.00,Trane [SP INSANE]
5,455,153.30,134.29,84.98,41.87,0.00,0.00,Sea Breeze Memory[SP INSANE]
5,459,145.71,138.22,80.71,17.92,80.12,0.00,ふたりの-><-シグナル [SP INSANE]
5,459,145.71,138.22,80.71,17.92,80.12,0.00,ふたりの-><-シグナル [SP INSANE]
6,480,138.66,142.72,109.93,53.79,95.21,39.15,GIFT [rather]
7,475,136.22,140.84,145.38,117.20,52.45,0.00,Rush-Hour [SP INSANE]
7,410,153.54,156.24,78.53,43.88,36.58,0.00,ゼイタクするまで抱きしめて [サエザー]
8,525,156.65,156.34,142.20,33.89,50.17,0.00,New York Back Raise [FULL HOUSE]
8,525,156.65,156.34,142.20,33.89,50.17,0.00,New York Back Raise [FULL HOUSE]
8,430,160.14,142.80,70.89,68.08,0.00,0.00,Sea Breeze Memory[SP INSANE+]
8,495,138.49,150.00,85.23,22.33,0.00,0.00,techいも [7K INSANE]
10,160,72.01,56.65,61.29,10.62,44.23,0.00,data lake [7k Insane]
10,500,153.10,146.50,135.17,86.76,71.26,16.24,Kirakirize World [INSANE]
10,250,40.25,70.39,64.80,127.93,46.67,0.00,ウタカタ・サマーメモリーズ [SCRATCH PARTY]
11,450,147.34,148.01,116.39,15.93,79.32,137.90,HOPE [DREAM]
11,600,153.15,150.95,118.19,40.14,43.85,0.00,アルスノヴァに喝采を [SP INSANE]
11,672,121.97,121.12,138.38,114.82,58.29,32.76,クエンさん＊ガバメント
11,400,129.72,110.44,163.99,7.17,76.08,0.00,晩夏 [SP INSANE]
12,160,128.10,143.02,114.45,48.98,86.97,0.00,"Flanker-E" [INSANE]
12,623,165.17,173.12,138.34,68.20,0.00,0.00,Agilion[INSANE]
12,680,145.50,146.24,181.60,40.33,67.25,0.00,Angel's Salad [IDEALISM]
12,326,141.67,141.26,157.52,17.44,0.00,0.00,breathe [SP INSANE]
12,580,134.14,130.72,91.85,13.39,0.00,0.00,Breeze [BITTER7]
12,386,146.97,157.05,132.30,74.42,0.00,5.76,c.s.q.n. [BUT FOR CONDITION]
12,444,142.12,142.20,148.60,99.29,49.66,0.00,Comet (BMS Edit) [SP INSANE]
12,900,173.59,177.14,88.85,119.11,86.95,83.27,Creamy Sugary OVERDRIVE!!! [INSANE]
12,555,139.16,138.41,121.68,46.31,34.07,0.00,Cutter [SP INSANE]
12,636,137.00,133.37,81.97,18.81,5.71,0.00,Elixir [BITTER7]
12,680,142.99,149.20,100.05,123.43,68.47,0.00,energy trixxx
12,580,136.54,144.66,94.29,22.66,88.65,0.00,Error Sector [Fatal Error]
12,455,136.97,126.45,141.11,22.41,82.75,0.00,Fuzzy-Navel [SP AGASTIA]
12,550,147.40,148.71,137.16,94.75,41.99,32.13,Gimme All The Cocaine [INSANE]
12,333,118.98,145.04,166.89,83.42,0.00,0.00,GIMMICK [NO]
12,555,160.53,151.06,123.14,129.31,33.75,0.00,GOODFORTUNE [凶]
12,600,145.06,149.61,164.18,42.52,0.00,0.00,GOODRUSH [I]
12,600,145.06,149.61,164.18,42.52,0.00,0.00,GOODRUSH [I]
12,500,165.95,172.14,162.56,74.56,74.39,80.48,Head BONK ache [MIGRAINE]
12,460,106.80,107.00,87.09,41.10,53.97,0.00,IMPULSE [SP INSANE]
12,160,110.31,117.40,111.38,7.76,0.00,0.00,INLINE [7k Insane]
12,400,126.45,133.21,144.45,43.83,0.00,38.64,introspect [SP INSANE]
12,723,157.28,152.51,123.10,110.69,113.34,0.00,Kung-fu Fantasia [仙]
12,620,151.34,140.49,71.83,22.57,0.00,0.00,LAST PROPOZE[INSANE]
12,470,128.16,130.71,106.83,48.82,34.85,0.00,NightTheater [SP AGASTIA]
12,580,155.82,164.60,177.43,92.94,44.72,0.00,Palette Lab [INSANE]
12,588,150.87,153.09,142.42,46.71,53.50,0.00,Peridot [SP INSANE]
12,550,150.53,163.83,170.91,17.77,54.63,0.00,Psalms ～魂の還るばしょ～ [SP INSANE]
12,540,107.11,147.59,156.59,104.34,59.50,0.00,Q33B [INSANE]
12,573,142.42,148.05,115.31,118.73,74.41,0.00,R.I.P.
12,500,165.66,167.14,125.34,105.57,45.20,0.00,Removal [INSANE]
12,654,146.95,144.80,121.29,45.60,75.99,0.00,scorching:cyclone [SP INSANE]
12,560,130.22,126.52,130.13,95.76,86.09,0.00,scualee[EUKLASIS]
12,560,130.22,126.52,130.13,95.76,86.09,0.00,scualee[EUKLASIS]
12,763,141.40,142.79,127.11,121.55,61.62,0.00,Secret Order [ドクウツボ]
12,550,126.62,126.75,95.07,8.92,82.55,0.00,The Last Page [SP INSANE]
12,450,146.81,145.33,163.57,116.86,0.00,0.00,VEZZELiX [Inasne]
12,600,132.58,120.17,103.59,22.46,0.00,0.00,Wonderful Tomorrow [WONDER]
12,580,129.26,118.18,100.76,133.50,22.33,0.00,ウタカタ・サマーメモリーズ [INSANE]
12,420,126.15,115.68,64.64,12.67,18.37,0.00,スピカ [SP MINELAUVA]
12,160,131.07,136.18,113.00,9.52,47.49,0.00,プナイプナイげんそう～５人の並行世界から来たてるやまたちが世界を救う！？　プナイプナイinワンダーランド～
12,400,156.87,144.88,123.88,11.46,0.00,0.00,マツユキソウ [Insane]
12,488,144.11,143.05,50.09,9.32,63.94,0.00,廃液 [Insane_7K]
12,660,131.63,130.80,167.81,90.52,68.04,0.00,東 [IHATOV]
12,550,139.75,130.12,80.65,70.91,49.56,0.00,爽昧夢想ラバーズ [SP INSANE]
12,547,113.57,96.76,92.28,46.32,57.60,0.00,祈雨の菖蒲
12,547,113.57,96.76,92.28,46.32,57.60,0.00,祈雨の菖蒲
12,520,137.24,133.64,114.60,81.11,0.00,0.00,神様の恋心
12,444,155.35,143.88,93.63,71.77,0.00,7.70,翼の折れた天使たちのレクイエム †カタルシス†
13,666,170.16,177.26,167.99,151.83,86.62,0.00,Bad Elixir[INSANE]
13,550,156.30,163.67,109.71,69.85,0.00,0.00,EXCEED THE D[INSANE]
13,422,140.69,152.45,166.72,9.26,24.15,145.97,Giselle [b]
13,450,150.85,140.93,85.12,37.25,0.00,29.91,Life is PIANO [Rea'ju]
13,680,166.35,174.87,149.12,121.01,130.73,74.75,ozma
13,280,127.54,134.31,61.35,8.64,30.49,16.64,The Last Page
14,700,151.16,152.30,135.60,121.56,0.00,0.00,PhonDrome![GALAPAGOS']
14,450,157.65,142.24,121.92,41.68,0.00,0.00,Trane [SP ELIXIR]
15,680,159.48,163.76,155.35,63.37,42.79,0.00,九龍霓虹街 [SP INSANE]
15,680,166.85,161.89,117.10,81.51,76.52,0.00,爽昧夢想ラバーズ [ASTRAL]
15,510,167.96,148.78,60.00,10.56,44.73,0.00,風時夏 [晴海歌]
16,500,164.70,163.01,121.23,44.70,43.14,0.00,ゼイタクするまで抱きしめて [LOVERS]
16,630,165.85,164.43,122.98,68.22,58.52,15.06,ヒュブリスの頂に聳えるのは [SP INSANE]
16,630,165.85,164.43,122.98,68.22,58.52,15.06,ヒュブリスの頂に聳えるのは [SP INSANE]
16,612,158.76,158.08,145.98,93.70,40.97,0.00,玉響サーチライト [SP INSANE]
17,575,162.07,162.20,160.38,98.20,51.80,0.00,Rush-Hour [SP LEGGENDARIA]
17,425,154.03,149.60,144.52,19.70,57.16,0.00,self-dissociation [SP INSANE]
17,565,129.01,143.62,163.89,156.41,81.89,0.00,slic.hertz [SP Turntablism]
17,541,158.05,174.66,170.82,55.14,97.70,0.00,Wit's biz [SP INSANE]
18,600,158.72,164.38,111.52,56.76,57.14,0.00,Hi-Fi-Story [SP EXTRA]
18,630,177.51,167.80,147.96,109.45,0.00,0.00,Ops:Limone [SP INSANE]
18,717,155.77,126.91,76.15,161.78,0.00,0.00,Shake U
18,500,158.29,167.92,118.26,90.22,0.00,0.00,Unleashed World -Luna-
19,490,162.98,169.43,154.57,50.83,88.15,0.00,New York Back Raise [ROYAL STRAIGHT FLUSH]
19,490,162.98,169.43,154.57,50.83,88.15,0.00,New York Back Raise [ROYAL STRAIGHT FLUSH]
20,570,163.10,172.01,153.82,21.99,0.00,0.00,Lacrimosa [SP Insane]
20,480,163.04,154.04,141.33,53.42,46.13,25.38,Sense [SP SENSELESS]
20,564,153.93,156.21,145.02,61.21,0.00,0.00,お兄火[鬼火]
20,550,169.69,181.75,180.45,50.67,0.00,0.00,ゼイタクするまで抱きしめて [SEXY]
21,650,166.54,168.23,164.77,82.13,78.09,0.00,alicemourn [INSANE]
21,650,172.94,170.50,155.41,126.86,72.93,0.00,Heartstrings [Lyra and Bon Bon]
21,628,164.66,163.00,159.79,16.49,68.22,0.00,Luxvinore [7-I]
21,610,172.72,181.45,164.31,26.60,38.21,0.00,Opera House
21,550,174.80,171.49,109.91,39.41,92.23,0.00,ふたりの-><-シグナル [SHINING LIFE]
21,550,174.80,171.49,109.91,39.41,92.23,0.00,ふたりの-><-シグナル [SHINING LIFE]
22,600,169.19,182.79,174.99,34.46,54.57,0.00,Psalms ～魂の還るばしょ～ [ANGELUS]
22,450,159.30,154.82,142.64,34.23,56.92,0.00,self-dissociation [SP DISSOCIATED]
22,720,175.40,184.35,173.93,70.59,81.18,0.00,アルスノヴァに喝采を [ANGUISHFUL]
22,300,167.81,158.60,65.90,12.99,18.41,0.00,スピカ [SP VINDEMIATRIX]
22,768,168.32,171.54,124.35,91.00,40.41,0.00,玉響サーチライト [Little Little Unisons]
23,510,174.82,184.63,163.18,90.99,78.97,80.45,Head BONK ache [CLUSTER HEADACHE]
23,646,177.89,181.51,136.98,68.61,108.45,0.00,Pillars of Ash [INSANE]
23,918,177.53,189.05,125.99,83.05,77.79,0.00,Twin☆kle Snowglobe [SP INSANE]
23,600,175.54,184.79,113.45,98.11,0.00,0.00,Unleashed World -Genocide-
23,700,178.62,195.05,181.35,50.73,0.00,0.00,ゼイタクするまで抱きしめて [NASTY]
24,600,174.14,181.19,129.72,103.24,0.00,0.00,GIFT From "B"…
24,555,167.39,174.73,69.67,34.80,0.00,0.00,LAST PROPOZE [Farewell]
24,711,191.17,186.38,146.50,113.96,0.00,0.00,Ops:Limone [Mission: FINAL]
24,555,178.37,175.49,104.67,35.75,69.95,0.00,ふたりの-><-シグナル [BLOOMING DAYS]
24,555,178.37,175.49,104.67,35.75,69.95,0.00,ふたりの-><-シグナル [BLOOMING DAYS]
24,720,186.33,180.50,90.64,155.02,57.64,0.00,ウタカタ・サマーメモリーズ -Dive to 死-
24,610,173.18,177.37,138.70,65.28,48.50,11.19,ヒュブリスの頂に聳えるのは [XANADU]
24,610,173.18,177.37,138.70,65.28,48.50,11.19,ヒュブリスの頂に聳えるのは [XANADU]
24,900,181.82,186.44,114.59,96.16,39.77,0.00,玉響サーチライト [陽溜ファーストステップ]
24,675,177.84,182.20,61.03,11.01,44.69,0.00,風時夏 [夏海記]
25,950,184.57,199.81,169.50,85.77,118.50,0.00,"Fishpot"
25,1061,175.32,199.06,187.93,169.88,26.74,0.00,Anti Function -SP INSANE-
25,935,185.58,198.40,173.46,8.23,54.42,0.00,Fall Apart [fragments]
25,755,188.32,189.10,119.37,144.00,79.02,0.00,HOPE [POWER]
25,777,188.66,199.94,139.80,55.95,44.60,26.37,MESMERA [SP INSANE]
25,706,179.65,193.43,177.52,36.08,86.63,0.00,Psalms ～魂の還るばしょ～ [NIRVANA]
25,750,188.51,199.62,115.98,99.99,0.00,0.00,Unleashed World -Ragnarok-
25,700,183.37,193.81,110.96,73.99,0.00,0.00,Unleashed World [INSANE]
25,1100,187.78,200.00,185.72,82.39,0.00,0.00,ゼイタクするまで抱きしめて [ E X T A C Y ]
25,789,183.14,195.59,122.79,87.65,82.48,0.00,爽昧夢想ラバーズ [NOCTAMBULISM]
26,765,176.57,195.08,145.43,43.82,97.32,0.00,New York Back Raise [ S U P E R P L A Y ]
26,765,176.57,195.08,145.43,43.82,97.32,0.00,New York Back Raise [ S U P E R P L A Y ]
26,500,165.02,166.58,151.75,37.69,56.61,0.00,self-dissociation [SP SELFLESS]
26,1040,190.02,200.00,177.46,86.69,93.00,0.00,アルスノヴァに喝采を [SUPERNOVA]
26,1000,185.63,200.00,106.50,65.96,0.00,0.00,ゼイタクするまで抱きしめて [ S U P E R S E X Y ]
26,800,193.51,200.00,48.14,15.93,79.01,0.00,風時夏 [大天空]
27,1000,192.58,200.00,142.21,43.13,75.41,45.83,MESMERA [KOOKY]
27,888,187.78,200.00,133.08,74.66,64.09,15.06,ヒュブリスの頂に聳えるのは [SUPEREGOISM]
27,888,187.78,200.00,133.08,74.66,64.09,15.06,ヒュブリスの頂に聳えるのは [SUPEREGOISM]
88,886,140.80,68.02,67.22,142.25,189.34,17.35,告白/告別 (BMS edit.) [SP Farewell]
99,733,159.24,180.38,105.47,162.94,126.17,0.00,Kung-fu Fantasia [四千年]
99,900,192.10,200.00,128.75,116.92,0.00,0.00,Unleashed World [DESPERATE]
0,300,0.00,0.00,0.00,0.00,0.00,0.00,"Fulcrum-D"
0,173,65.14,73.03,78.92,64.92,83.62,151.72,GIMMICK [THINGY]
0,160,0.00,0.00,0.00,0.00,0.00,0.00,MESMERA [0]
1,160,0.00,0.00,0.00,0.00,0.00,0.00,c.s.q.n.
1,160,0.00,0.00,0.00,0.00,0.00,0.00,scualee
1,160,0.00,0.00,0.00,0.00,0.00,0.00,scualee
1,160,0.00,0.00,0.00,0.00,0.00,0.00,Sunset Toybox
1,160,0.00,0.00,0.00,0.00,0.00,0.00,Twilight Route
2,310,20.42,29.76,15.80,4.13,0.00,0.00,Breeze [EASY7]
2,250,11.97,17.86,8.35,3.47,0.00,0.00,Bubble Flower [Beginner]
3,160,12.22,11.69,11.31,3.20,0.00,0.00,c.s.q.n. [BEGINNER]
3,300,13.63,13.63,14.42,21.59,34.34,0.00,テウメッサ
4,160,0.00,0.00,0.00,0.00,0.00,0.00,"Fishpot"
4,250,17.61,19.26,11.64,1.48,30.30,0.00,#nonamed
4,247,13.49,9.68,7.93,15.60,0.00,0.00,-零-【BEGINNER】
4,311,17.29,10.49,13.58,5.72,10.40,0.00,2anyFirst [7-N]
4,287,18.87,33.78,14.81,5.91,7.43,0.00,R.I.P.
4,276,17.15,21.19,15.47,6.53,5.22,0.00,カラッポ・ノンフィクション [BEGINNER]
5,310,25.35,28.95,30.66,18.18,27.61,0.00,Bubble Flower [Normal]
5,374,29.78,41.98,39.58,14.24,12.43,0.00,Creamy Sugary OVERDRIVE!!! [NORMAL]
5,160,25.75,23.99,18.73,13.06,38.64,10.12,Love Like
5,334,23.96,35.12,37.94,17.97,12.44,0.00,Paracelestia
5,360,24.75,30.68,24.96,7.59,0.00,0.00,アイム・マイヒーロー [NORMAL]
5,270,15.19,15.83,15.69,5.12,0.00,0.00,アトロポスと最果の探求者
6,160,25.29,39.08,45.54,17.03,25.65,0.00,c.s.q.n. [NORMAL]
6,450,23.50,32.02,18.69,11.33,0.00,0.00,カラッポ・ノンフィクション [NORMAL]
6,300,24.23,38.28,64.82,25.54,41.29,0.00,テウメッサ
7,384,47.59,47.39,52.09,25.09,0.00,0.00,-零-【NORMAL】
7,160,60.64,50.19,46.52,26.23,0.00,0.00,Boxel Adventure
7,400,26.37,40.04,23.99,8.25,0.00,20.36,Life is PIANO[Normal]
7,160,45.29,44.58,27.93,23.36,61.90,13.45,Love Like
7,520,36.29,57.08,44.11,7.34,0.00,0.00,凛として純情 [NORMAL7]
8,359,41.10,37.23,66.82,15.74,32.06,0.00,2anyFirst [7-H]
8,360,48.52,54.70,74.55,14.72,0.00,0.00,アイム・マイヒーロー [HYPER]
8,380,37.51,41.68,30.55,10.65,0.00,0.00,アトロポスと最果の探求者
9,350,30.40,33.27,19.96,4.51,115.11,0.00,#nonamed
9,420,63.70,72.00,44.65,23.77,0.00,22.95,Life is PIANO[HYPER]
9,160,68.05,59.56,70.80,49.12,86.73,12.45,Love Like
9,470,49.43,49.42,58.51,15.51,22.25,0.00,カラッポ・ノンフィクション [HYPER]
9,480,59.38,93.61,65.45,23.88,0.00,0.00,凛として純情 [HYPER7]
10,459,91.23,73.66,74.05,39.16,0.00,0.00,-零-【HYPER】
10,160,94.20,123.28,105.47,30.19,0.00,0.00,Boxel Adventure
10,160,56.91,81.96,90.74,58.48,35.59,0.00,c.s.q.n. [HYPER]
10,410,88.89,88.19,113.52,66.24,0.00,0.00,アイム・マイヒーロー [ANOTHER]
10,320,68.90,104.01,109.84,28.08,78.05,0.00,テウメッサ
11,500,93.93,74.23,112.18,31.24,39.11,0.00,Bubble Flower [Another]
11,160,100.86,125.60,120.56,99.45,65.36,0.00,c.s.q.n. [ANOTHER]
11,540,108.70,100.90,104.81,22.49,0.00,0.00,アトロポスと最果の探求者
11,470,85.05,74.12,76.02,34.19,65.55,0.00,カラッポ・ノンフィクション [ANOTHER]
11,530,104.93,127.85,135.61,22.88,0.00,0.00,プナイプナイせんそう
11,510,85.40,116.06,81.51,29.12,9.65,0.00,凛として純情 [ANOTHER7]
12,400,96.43,89.38,81.64,5.61,83.32,0.00,#nonamed
12,559,123.90,121.78,71.93,46.17,0.00,0.00,-零-【ANOTHER】
12,160,131.22,158.98,134.44,36.44,0.00,0.00,Boxel Adventure
12,470,113.79,92.03,88.02,74.17,30.90,0.00,カラッポ・ノンフィクション [INSANE]
12,360,130.83,157.70,166.27,104.86,71.04,0.00,テウメッサ
77,400,76.07,65.81,51.33,8.80,36.73,140.72,Bubble Flower [Memoria]
0,444,0.00,0.00,0.00,0.00,0.00,0.00,SHINKA -DEPROGRAM- [10KEYS]
0,498,0.00,0.00,0.00,0.00,0.00,0.00,SHINKA -DEPROGRAM- [14KEYS]
1,260,0.00,0.00,0.00,0.00,0.00,0.00,alicemourn [DP BEGINNER]
1,280,0.00,0.00,0.00,0.00,0.00,0.00,Grievous Fate[DP BEGINNER]
1,320,0.00,0.00,0.00,0.00,0.00,0.00,New York Back Raise [DP BEGINNER]
1,320,0.00,0.00,0.00,0.00,0.00,0.00,New York Back Raise [DP BEGINNER]
1,222,0.00,0.00,0.00,0.00,0.00,0.00,Song [DP BEGINNER]
1,222,0.00,0.00,0.00,0.00,0.00,0.00,Song [DP BEGINNER]
2,260,0.00,0.00,0.00,0.00,0.00,0.00,Head BONK ache [DP BEGINNER]
2,250,0.00,0.00,0.00,0.00,0.00,0.00,IMPULSE [DP BEGINNER]
3,280,0.00,0.00,0.00,0.00,0.00,0.00,Hi-Fi-Story [DP EASY]
3,300,0.00,0.00,0.00,0.00,0.00,0.00,HOPE [14key Easy HOPE]
3,260,0.00,0.00,0.00,0.00,0.00,0.00,MESMERA [DP EASY]
3,250,0.00,0.00,0.00,0.00,0.00,0.00,Wit's biz [DP BEGINNER]
3,260,0.00,0.00,0.00,0.00,0.00,0.00,花たちに希望を [DP BEGINNER]
4,383,0.00,0.00,0.00,0.00,0.00,0.00,GIFT [14key Easy]
4,320,0.00,0.00,0.00,0.00,0.00,0.00,ヒュブリスの頂に聳えるのは [DP BEGINNER]
4,320,0.00,0.00,0.00,0.00,0.00,0.00,ヒュブリスの頂に聳えるのは [DP BEGINNER]
5,301,0.00,0.00,0.00,0.00,0.00,0.00,Amplifying Effect -DP BEGINNER-
5,308,0.00,0.00,0.00,0.00,0.00,0.00,SpellBound (Satellite Palace Remix) [14KEYS NORMAL]
5,355,0.00,0.00,0.00,0.00,0.00,0.00,Twin☆kle Snowglobe [DP EASY]
6,476,0.00,0.00,0.00,0.00,0.00,0.00,Anti Function -DP BEGINNER-
8,410,0.00,0.00,0.00,0.00,0.00,0.00,MESMERA [DP BEGINNER]
3,240,0.00,0.00,0.00,0.00,0.00,0.00,マツユキソウ [DP Normal]
3,288,0.00,0.00,0.00,0.00,0.00,0.00,告白/告別 (BMS edit.) [DP NORMAL]
4,349,0.00,0.00,0.00,0.00,0.00,0.00,alicemourn [DP NORMAL]
4,330,0.00,0.00,0.00,0.00,0.00,0.00,Can't it be true
4,150,0.00,0.00,0.00,0.00,0.00,0.00,Comet (BMS Edit) [DP NORMAL]
4,320,0.00,0.00,0.00,0.00,0.00,0.00,IMPULSE [DP NORMAL]
4,260,0.00,0.00,0.00,0.00,0.00,0.00,introspect [DP Normal]
4,272,0.00,0.00,0.00,0.00,0.00,0.00,R.I.P.
4,260,0.00,0.00,0.00,0.00,0.00,0.00,Same as you [DP NORMAL]
4,360,0.00,0.00,0.00,0.00,0.00,0.00,Sea Breeze Memory[DP NORMAL]
4,220,0.00,0.00,0.00,0.00,0.00,0.00,Song [DP NORMAL]
4,220,0.00,0.00,0.00,0.00,0.00,0.00,Song [DP NORMAL]
4,313,0.00,0.00,0.00,0.00,0.00,0.00,お兄火[DP Normal]
5,350,0.00,0.00,0.00,0.00,0.00,0.00,Back Out [DP NORMAL]
5,330,0.00,0.00,0.00,0.00,0.00,0.00,Cutter [DP NORMAL]
5,310,0.00,0.00,0.00,0.00,0.00,0.00,Grievous Fate[DP NORMAL]
5,368,0.00,0.00,0.00,0.00,0.00,0.00,Night view [DP NORMAL]
5,392,0.00,0.00,0.00,0.00,0.00,0.00,Oekaki [DP Normal]
5,392,0.00,0.00,0.00,0.00,0.00,0.00,Oekaki [DP Normal]
5,388,0.00,0.00,0.00,0.00,0.00,0.00,Peridot [DP NORMAL]
5,325,0.00,0.00,0.00,0.00,0.00,0.00,Rush-Hour [DP Normal]
5,277,0.00,0.00,0.00,0.00,0.00,0.00,Secret Order [DP NORMAL]
5,380,0.00,0.00,0.00,0.00,0.00,0.00,SHINKA [14KEYS NORMAL]
5,270,0.00,0.00,0.00,0.00,0.00,0.00,The Last Page [DP NORMAL]
5,297,0.00,0.00,0.00,0.00,0.00,0.00,Trane [DP NORMAL]
5,360,0.00,0.00,0.00,0.00,0.00,0.00,スピカ [DP NORMAL]
5,383,0.00,0.00,0.00,0.00,0.00,0.00,九龍霓虹街 [DP NORMAL]
6,362,0.00,0.00,0.00,0.00,0.00,0.00,ALICE IN PICOPICO NIGHT (DP NORMAL)
6,320,0.00,0.00,0.00,0.00,0.00,0.00,Giselle [dpn]
6,345,0.00,0.00,0.00,0.00,0.00,0.00,Head BONK ache [DP NORMAL]
6,375,0.00,0.00,0.00,0.00,0.00,0.00,New York Back Raise [DP NORMAL]
6,375,0.00,0.00,0.00,0.00,0.00,0.00,New York Back Raise [DP NORMAL]
6,318,0.00,0.00,0.00,0.00,0.00,0.00,Random [DP NORMAL]
6,375,0.00,0.00,0.00,0.00,0.00,0.00,Wit's biz [DP NORMAL]
6,355,0.00,0.00,0.00,0.00,0.00,0.00,カラッポ・ノンフィクション [DP NORMAL]
6,352,0.00,0.00,0.00,0.00,0.00,0.00,翼の折れた天使たちのレクイエム [DP Normal]
7,400,0.00,0.00,0.00,0.00,0.00,0.00,Error Sector
7,400,0.00,0.00,0.00,0.00,0.00,0.00,Hi-Fi-Story [DP NORMAL]
7,426,0.00,0.00,0.00,0.00,0.00,0.00,HOPE [14key Normal HOPE]
7,381,0.00,0.00,0.00,0.00,0.00,0.00,Kung-fu Fantasia [DP 易]
7,360,0.00,0.00,0.00,0.00,0.00,0.00,Opera House
7,324,0.00,0.00,0.00,0.00,0.00,0.00,self-dissociation [DP NORMAL]
7,405,0.00,0.00,0.00,0.00,0.00,0.00,ヒュブリスの頂に聳えるのは [DP NORMAL]
7,405,0.00,0.00,0.00,0.00,0.00,0.00,ヒュブリスの頂に聳えるのは [DP NORMAL]
7,438,0.00,0.00,0.00,0.00,0.00,0.00,玉響サーチライト [DP NORMAL]
7,410,0.00,0.00,0.00,0.00,0.00,0.00,花たちに希望を [DP NORMAL]
8,351,0.00,0.00,0.00,0.00,0.00,0.00,Amplifying Effect -DP 5KEY-
8,422,0.00,0.00,0.00,0.00,0.00,0.00,Amplifying Effect -DP NORMAL-
8,380,0.00,0.00,0.00,0.00,0.00,0.00,For No Reason
8,451,0.00,0.00,0.00,0.00,0.00,0.00,GIFT [14key Normal]
8,460,0.00,0.00,0.00,0.00,0.00,0.00,Lacrimosa [DP Normal]
8,454,0.00,0.00,0.00,0.00,0.00,0.00,Twin☆kle Snowglobe [DP NORMAL]
9,444,0.00,0.00,0.00,0.00,0.00,0.00,SpellBound (Satellite Palace Remix) [14KEYS HYPER]
10,581,0.00,0.00,0.00,0.00,0.00,0.00,Anti Function -DP NORMAL-
11,500,0.00,0.00,0.00,0.00,0.00,0.00,MESMERA [DP NORMAL]
7,260,0.00,0.00,0.00,0.00,0.00,0.00,introspect
8,450,0.00,0.00,0.00,0.00,0.00,0.00,Back Out [DP HYPER]
8,394,0.00,0.00,0.00,0.00,0.00,0.00,Night view [DP LN]
8,388,0.00,0.00,0.00,0.00,0.00,0.00,Peridot [DP HYPER]
8,312,0.00,0.00,0.00,0.00,0.00,0.00,Same as you [DP HYPER]
8,440,0.00,0.00,0.00,0.00,0.00,0.00,Sea Breeze Memory[DP HYPER]
8,495,0.00,0.00,0.00,0.00,0.00,0.00,SHINKA [10KEYS]
8,440,0.00,0.00,0.00,0.00,0.00,0.00,Song [DP HYPER]
8,440,0.00,0.00,0.00,0.00,0.00,0.00,Song [DP HYPER]
8,405,0.00,0.00,0.00,0.00,0.00,0.00,The Last Page [DP HYPER]
8,360,0.00,0.00,0.00,0.00,0.00,0.00,マツユキソウ [DP Hyper]
9,490,0.00,0.00,0.00,0.00,0.00,0.00,alicemourn [DP HYPER]
9,480,0.00,0.00,0.00,0.00,0.00,0.00,Can't it be true
9,320,0.00,0.00,0.00,0.00,0.00,0.00,Comet (BMS Edit) [DP HYPER]
9,480,0.00,0.00,0.00,0.00,0.00,0.00,Cutter [DP HYPER]
9,450,0.00,0.00,0.00,0.00,0.00,0.00,Grievous Fate[DP HYPER]
9,420,0.00,0.00,0.00,0.00,0.00,0.00,IMPULSE [DP HYPER]
9,365,0.00,0.00,0.00,0.00,0.00,0.00,introspect [DP Hyper]
9,430,0.00,0.00,0.00,0.00,0.00,0.00,New York Back Raise [DP HYPER]
9,430,0.00,0.00,0.00,0.00,0.00,0.00,New York Back Raise [DP HYPER]
9,470,0.00,0.00,0.00,0.00,0.00,0.00,Night view [DP HYPER]
9,478,0.00,0.00,0.00,0.00,0.00,0.00,Oekaki [DP Hyper]
9,478,0.00,0.00,0.00,0.00,0.00,0.00,Oekaki [DP Hyper]
9,430,0.00,0.00,0.00,0.00,0.00,0.00,Random [DP HYPER]
9,470,0.00,0.00,0.00,0.00,0.00,0.00,Rush-Hour [DP Hyper]
9,360,0.00,0.00,0.00,0.00,0.00,0.00,Secret Order [DP HYPER]
9,480,0.00,0.00,0.00,0.00,0.00,0.00,SHINKA [14KEYS HYPER]
9,430,0.00,0.00,0.00,0.00,0.00,0.00,techいも [14い]
9,444,0.00,0.00,0.00,0.00,0.00,0.00,お兄火[DP Hyper]
9,460,0.00,0.00,0.00,0.00,0.00,0.00,カラッポ・ノンフィクション [DP HYPER]
9,460,0.00,0.00,0.00,0.00,0.00,0.00,スピカ [DP HYPER]
9,488,0.00,0.00,0.00,0.00,0.00,0.00,告白/告別 (BMS edit.) [DP HYPER]
9,460,0.00,0.00,0.00,0.00,0.00,0.00,翼の折れた天使たちのレクイエム [DP Hyper]
10,510,0.00,0.00,0.00,0.00,0.00,0.00,ALICE IN PICOPICO NIGHT (DP HYPER)
10,440,0.00,0.00,0.00,0.00,0.00,0.00,Error Sector
10,536,0.00,0.00,0.00,0.00,0.00,0.00,GIFT [14key Hyper]
10,400,0.00,0.00,0.00,0.00,0.00,0.00,Giselle [dph]
10,540,0.00,0.00,0.00,0.00,0.00,0.00,Head BONK ache [DP HYPER]
10,505,0.00,0.00,0.00,0.00,0.00,0.00,Heartstrings [DPH]
10,520,0.00,0.00,0.00,0.00,0.00,0.00,Hi-Fi-Story [DP HYPER]
10,508,0.00,0.00,0.00,0.00,0.00,0.00,HOPE [14key Hyper HOPE]
10,491,0.00,0.00,0.00,0.00,0.00,0.00,Kung-fu Fantasia [DP 難]
10,444,0.00,0.00,0.00,0.00,0.00,0.00,R.I.P.
10,380,0.00,0.00,0.00,0.00,0.00,0.00,self-dissociation [DP HYPER]
10,500,0.00,0.00,0.00,0.00,0.00,0.00,Sesame Kingdom [Sesame Town]
10,420,0.00,0.00,0.00,0.00,0.00,0.00,Trane [DP HYPER]
10,533,0.00,0.00,0.00,0.00,0.00,0.00,Twin☆kle Snowglobe [DP HYPER]
10,400,0.00,0.00,0.00,0.00,0.00,0.00,Wit's biz [DP HYPER]
10,383,0.00,0.00,0.00,0.00,0.00,0.00,九龍霓虹街 [DP HYPER]
10,521,0.00,0.00,0.00,0.00,0.00,0.00,玉響サーチライト [DP HYPER]
10,528,0.00,0.00,0.00,0.00,0.00,0.00,花たちに希望を [DP HYPER]
11,555,0.00,0.00,0.00,0.00,0.00,0.00,Amplifying Effect -DP HYPER-
11,499,0.00,0.00,0.00,0.00,0.00,0.00,Fever Dream [14-H]
11,515,0.00,0.00,0.00,0.00,0.00,0.00,Grievous Fate[DP HARD]
11,561,0.00,0.00,0.00,0.00,0.00,0.00,Lacrimosa [DP Hyper]
11,475,0.00,0.00,0.00,0.00,0.00,0.00,Opera House
11,525,0.00,0.00,0.00,0.00,0.00,0.00,ヒュブリスの頂に聳えるのは [DP HYPER]
11,525,0.00,0.00,0.00,0.00,0.00,0.00,ヒュブリスの頂に聳えるのは [DP HYPER]
12,690,0.00,0.00,0.00,0.00,0.00,0.00,Anti Function -DP HYPER-
12,560,0.00,0.00,0.00,0.00,0.00,0.00,For No Reason
12,620,0.00,0.00,0.00,0.00,0.00,0.00,MESMERA [DP HYPER]
12,613,0.00,0.00,0.00,0.00,0.00,0.00,SpellBound (Satellite Palace Remix) [14KEYS ANOTHER]
10,510,0.00,0.00,0.00,0.00,0.00,0.00,Back Out [DP ANOTHER]
10,525,0.00,0.00,0.00,0.00,0.00,0.00,Cutter [DP ANOTHER]
10,530,0.00,0.00,0.00,0.00,0.00,0.00,Song [DP ANOTHER]
10,530,0.00,0.00,0.00,0.00,0.00,0.00,Song [DP ANOTHER]
11,527,0.00,0.00,0.00,0.00,0.00,0.00,alicemourn [DP ANOTHER]
11,300,0.00,0.00,0.00,0.00,0.00,0.00,Bit by Bit [14]
11,540,0.00,0.00,0.00,0.00,0.00,0.00,Can't it be true
11,450,0.00,0.00,0.00,0.00,0.00,0.00,Comet (BMS Edit) [DP ANOTHER]
11,420,0.00,0.00,0.00,0.00,0.00,0.00,IMPULSE [DP ANOTHER]
11,450,0.00,0.00,0.00,0.00,0.00,0.00,introspect [DP Another]
11,500,0.00,0.00,0.00,0.00,0.00,0.00,New York Back Raise [DP ANOTHER]
11,500,0.00,0.00,0.00,0.00,0.00,0.00,New York Back Raise [DP ANOTHER]
11,537,0.00,0.00,0.00,0.00,0.00,0.00,Night view [DP ANOTHER]
11,488,0.00,0.00,0.00,0.00,0.00,0.00,Peridot [DP ANOTHER]
11,504,0.00,0.00,0.00,0.00,0.00,0.00,Random [DP ANOTHER]
11,313,0.00,0.00,0.00,0.00,0.00,0.00,Same as you [DP ANOTHER]
11,542,0.00,0.00,0.00,0.00,0.00,0.00,Sea Breeze Memory[DP ANOTHER]
11,520,0.00,0.00,0.00,0.00,0.00,0.00,techいも [14も]
11,500,0.00,0.00,0.00,0.00,0.00,0.00,The Last Page [DP ANOTHER]
11,533,0.00,0.00,0.00,0.00,0.00,0.00,お兄火[DP Another]
11,505,0.00,0.00,0.00,0.00,0.00,0.00,カラッポ・ノンフィクション [DP ANOTHER]
11,450,0.00,0.00,0.00,0.00,0.00,0.00,マツユキソウ [DP Another]
12,510,0.00,0.00,0.00,0.00,0.00,0.00,2anyFirst [14-A]
12,675,0.00,0.00,0.00,0.00,0.00,0.00,ALICE IN PICOPICO NIGHT (DP ANOTHER)
12,585,0.00,0.00,0.00,0.00,0.00,0.00,Amplifying Effect -DP ANOTHER-
12,600,0.00,0.00,0.00,0.00,0.00,0.00,Error Sector
12,571,0.00,0.00,0.00,0.00,0.00,0.00,Fever Dream [14-A]
12,596,0.00,0.00,0.00,0.00,0.00,0.00,GIFT [14key Another]
12,510,0.00,0.00,0.00,0.00,0.00,0.00,Giselle [dpa]
12,580,0.00,0.00,0.00,0.00,0.00,0.00,Grievous Fate[DP ANOTHER]
12,600,0.00,0.00,0.00,0.00,0.00,0.00,Head BONK ache [DP ANOTHER]
12,580,0.00,0.00,0.00,0.00,0.00,0.00,Heartstrings [DPA]
12,580,0.00,0.00,0.00,0.00,0.00,0.00,Hi-Fi-Story [DP ANOTHER]
12,580,0.00,0.00,0.00,0.00,0.00,0.00,Hi-Fi-Story [DP ANOTHER]
12,543,0.00,0.00,0.00,0.00,0.00,0.00,HOPE [14key Another HOPE]
12,609,0.00,0.00,0.00,0.00,0.00,0.00,Kung-fu Fantasia [DP 達]
12,678,0.00,0.00,0.00,0.00,0.00,0.00,Lacrimosa [DP Another]
12,582,0.00,0.00,0.00,0.00,0.00,0.00,Luxvinore [14-A]
12,1000,0.00,0.00,0.00,0.00,0.00,0.00,MESMERA [DP ANOTHER]
12,534,0.00,0.00,0.00,0.00,0.00,0.00,Oekaki [DP Another]
12,534,0.00,0.00,0.00,0.00,0.00,0.00,Oekaki [DP Another]
12,530,0.00,0.00,0.00,0.00,0.00,0.00,Opera House
12,555,0.00,0.00,0.00,0.00,0.00,0.00,R.I.P.
12,530,0.00,0.00,0.00,0.00,0.00,0.00,Rush-Hour [DP Another]
12,461,0.00,0.00,0.00,0.00,0.00,0.00,Secret Order [DP ANOTHER]
12,451,0.00,0.00,0.00,0.00,0.00,0.00,self-dissociation [DP ANOTHER]
12,600,0.00,0.00,0.00,0.00,0.00,0.00,Sesame Kingdom [Sesame Castle]
12,707,0.00,0.00,0.00,0.00,0.00,0.00,SHINKA [14KEYS ANOTHER]
12,524,0.00,0.00,0.00,0.00,0.00,0.00,slic.hertz [DP Slickerz]
12,362,0.00,0.00,0.00,0.00,0.00,0.00,Trane [DP ANOTHER]
12,587,0.00,0.00,0.00,0.00,0.00,0.00,Twin☆kle Snowglobe [DP ANOTHER]
12,420,0.00,0.00,0.00,0.00,0.00,0.00,Wit's biz [DP ANOTHER]
12,560,0.00,0.00,0.00,0.00,0.00,0.00,スピカ [DP ANOTHER]
12,580,0.00,0.00,0.00,0.00,0.00,0.00,ヒュブリスの頂に聳えるのは [DP ANOTHER]
12,580,0.00,0.00,0.00,0.00,0.00,0.00,ヒュブリスの頂に聳えるのは [DP ANOTHER]
12,383,0.00,0.00,0.00,0.00,0.00,0.00,九龍霓虹街 [DP ANOTHER]
12,554,0.00,0.00,0.00,0.00,0.00,0.00,玉響サーチライト [DP ANOTHER]
12,578,0.00,0.00,0.00,0.00,0.00,0.00,翼の折れた天使たちのレクイエム [DP Another]
12,630,0.00,0.00,0.00,0.00,0.00,0.00,花たちに希望を [DP ANOTHER]
19,792,0.00,0.00,0.00,0.00,0.00,0.00,Anti Function -DP ANOTHER-
12,586,0.00,0.00,0.00,0.00,0.00,0.00,alicemourn [DP LEGEND]
12,555,0.00,0.00,0.00,0.00,0.00,0.00,Back Out [DP INSANE]
12,630,0.00,0.00,0.00,0.00,0.00,0.00,Comet (BMS Edit) [DP INSANE]
12,575,0.00,0.00,0.00,0.00,0.00,0.00,Cutter [DP INSANE]
12,555,0.00,0.00,0.00,0.00,0.00,0.00,IMPULSE [DP INSANE]
12,477,0.00,0.00,0.00,0.00,0.00,0.00,introspect [DP INSANE]
12,688,0.00,0.00,0.00,0.00,0.00,0.00,Peridot [DP INSANE]
12,777,0.00,0.00,0.00,0.00,0.00,0.00,R.I.P.
12,600,0.00,0.00,0.00,0.00,0.00,0.00,Song [DP INSANE]
12,600,0.00,0.00,0.00,0.00,0.00,0.00,Song [DP INSANE]
12,555,0.00,0.00,0.00,0.00,0.00,0.00,The Last Page [DP INSANE]
12,456,0.00,0.00,0.00,0.00,0.00,0.00,Wit's biz [DP INSANE]
12,650,0.00,0.00,0.00,0.00,0.00,0.00,ヒュブリスの頂に聳えるのは [DP INSANE]
12,650,0.00,0.00,0.00,0.00,0.00,0.00,ヒュブリスの頂に聳えるのは [DP INSANE]
13,694,0.00,0.00,0.00,0.00,0.00,0.00,Lacrimosa [DP Insane]
15,600,0.00,0.00,0.00,0.00,0.00,0.00,HOPE [あなたの健康を損なうおそれがあります]
15,600,0.00,0.00,0.00,0.00,0.00,0.00,Opera House
15,600,0.00,0.00,0.00,0.00,0.00,0.00,Twin☆kle Snowglobe [DP INSANE]
15,500,0.00,0.00,0.00,0.00,0.00,0.00,玉響サーチライト [DP INSANE]
23,887,0.00,0.00,0.00,0.00,0.00,0.00,Anti Function -DP INSANE-
5,331,0.00,0.00,0.00,0.00,0.00,0.00,2anyFirst [14-N]
5,329,0.00,0.00,0.00,0.00,0.00,0.00,techいも [14tech]
9,380,0.00,0.00,0.00,0.00,0.00,0.00,2anyFirst [14-H]
